station_id,ev_network,state,pred,confidence,label,evidence,primary_path,context_path
39873,Non-Networked,CA,no_shade,1.0,no_shade,"The center of the image shows an open parking lot with visible pavement and parked cars, with no man-made overhead structure directly above the charger's location.",data-ev\data\images\primary\39873_primary_95b5de2d3b50.png,data-ev\data\images\context\39873_context_95b5de2d3b50.png
39989,IN_CHARGE,GA,no_shade,0.9,no_shade,"The center of the image shows a large, flat, featureless building roof, and the surrounding area is an open parking lot, indicating the charger is likely in the adjacent open parking.",data-ev\data\images\primary\39989_primary_73ab9d62895c.png,data-ev\data\images\context\39989_context_73ab9d62895c.png
49900,Non-Networked,NJ,no_shade,1.0,no_shade,"The center of the image clearly shows an open parking lot with visible pavement and painted parking stall lines, indicating no overhead man-made cover.",data-ev\data\images\primary\49900_primary_4c092ae9b3dc.png,data-ev\data\images\context\49900_context_4c092ae9b3dc.png
63047,POWERFLEX,CA,no_shade,0.9,no_shade,"The center of both images clearly shows an open road intersection with crosswalks and vehicles, indicating no man-made overhead cover.",data-ev\data\images\primary\63047_primary_dca1b73b4989.png,data-ev\data\images\context\63047_context_dca1b73b4989.png
74345,Non-Networked,MD,no_shade,1.0,no_shade,"The center of both images clearly shows an open area with a road, grass, and parked cars, with no man-made overhead structure visible.",data-ev\data\images\primary\74345_primary_b668215a27d5.png,data-ev\data\images\context\74345_context_b668215a27d5.png
101980,Tesla,AZ,no_shade,1.0,no_shade,"The center of the image clearly shows an open parking lot with visible parking stall lines and parked cars, with no man-made overhead cover.",data-ev\data\images\primary\101980_primary_0ecf89218e03.png,data-ev\data\images\context\101980_context_0ecf89218e03.png
101993,Tesla,AZ,no_shade,1.0,no_shade,"The center of the image clearly shows an open parking lot with visible pavement, parking lines, and parked cars, with no man-made overhead structure.",data-ev\data\images\primary\101993_primary_9b7738bf56ab.png,data-ev\data\images\context\101993_context_9b7738bf56ab.png
102064,Tesla,CA,no_shade,1.0,no_shade,"The center of the image clearly shows an open parking lot with visible pavement and parked cars, with no man-made overhead structure or vegetation providing cover.",data-ev\data\images\primary\102064_primary_3666ae8e7ed7.png,data-ev\data\images\context\102064_context_3666ae8e7ed7.png
102098,Tesla,CT,no_shade,1.0,no_shade,"The center of the image clearly shows an open parking lot with visible parking lines and cars, indicating no man-made overhead cover.",data-ev\data\images\primary\102098_primary_c9095c2f8d0a.png,data-ev\data\images\context\102098_context_c9095c2f8d0a.png
102165,Tesla,IL,no_shade,1.0,no_shade,"The center of the image clearly shows an open parking lot with visible pavement and parking lines, indicating no man-made overhead cover.",data-ev\data\images\primary\102165_primary_136bc1e29bf2.png,data-ev\data\images\context\102165_context_136bc1e29bf2.png
102183,Tesla,KS,shade_structure,0.9,shade_structure,"The center of the image shows a row of light-colored, rectangular man-made structures covering parking stalls, consistent with carports or a shade structure.",data-ev\data\images\primary\102183_primary_e817556ca3b5.png,data-ev\data\images\context\102183_context_e817556ca3b5.png
102408,Tesla,SD,uncertain,0.9,uncertain,"The images are extremely blurry and pixelated, making it impossible to discern any specific features like pavement, shade structures, solar panels, or garage elements at the center.",data-ev\data\images\primary\102408_primary_173d0778e58e.png,data-ev\data\images\context\102408_context_173d0778e58e.png
102415,Tesla,TN,no_shade,1.0,no_shade,"The center of both images clearly shows an open parking lot with visible cars and pavement, indicating no man-made overhead cover.",data-ev\data\images\primary\102415_primary_26bb2ec39a81.png,data-ev\data\images\context\102415_context_26bb2ec39a81.png
102431,Tesla,TX,no_shade,1.0,no_shade,"The center of the image clearly shows an open parking lot with visible pavement and parked cars, with no man-made overhead structure, canopy, or garage covering the area.",data-ev\data\images\primary\102431_primary_c8c6a94f37ae.png,data-ev\data\images\context\102431_context_c8c6a94f37ae.png
102457,Tesla,UT,no_shade,1.0,no_shade,"The center of the image clearly shows an open parking lot with visible pavement and parking stall lines, with no man-made overhead structure.",data-ev\data\images\primary\102457_primary_bb612b2cd280.png,data-ev\data\images\context\102457_context_bb612b2cd280.png
121790,Electrify America,MO,no_shade,1.0,no_shade,The center of both images clearly shows an open road and grassy areas with no visible man-made overhead structure.,data-ev\data\images\primary\121790_primary_fefa6d3d7e67.png,data-ev\data\images\context\121790_context_fefa6d3d7e67.png
121840,Electrify America,TX,no_shade,1.0,no_shade,"The center of both images clearly shows an open parking lot with visible cars and parking lines, with no man-made structure or vegetation directly overhead.",data-ev\data\images\primary\121840_primary_1949aff73913.png,data-ev\data\images\context\121840_context_1949aff73913.png
122271,Tesla,CO,shade_structure,1.0,shade_structure,"The center of the image shows a uniform, light-colored, rectangular roof covering parking stalls, casting a clear, straight-edged shadow, with no fine grid pattern.",data-ev\data\images\primary\122271_primary_e84eaa8cc33e.png,data-ev\data\images\context\122271_context_e84eaa8cc33e.png
122292,Tesla,MI,no_shade,1.0,no_shade,"The center of both images clearly shows an open parking lot with visible pavement, parking lines, and vehicles, with no man-made structure or vegetation directly overhead.",data-ev\data\images\primary\122292_primary_c957ca36c6c3.png,data-ev\data\images\context\122292_context_c957ca36c6c3.png
143939,FLO,WA,no_shade,0.9,no_shade,"The center of the image shows a building roof, but the charger is presumed to be in the adjacent open parking lot which is exposed to the sky with no overhead cover.",data-ev\data\images\primary\143939_primary_b67be176fd91.png,data-ev\data\images\context\143939_context_b67be176fd91.png
147079,Electrify America,VA,no_shade,1.0,no_shade,"The center of the image clearly shows an open parking lot with visible parking stalls and cars, with no man-made overhead cover.",data-ev\data\images\primary\147079_primary_029799326f0d.png,data-ev\data\images\context\147079_context_029799326f0d.png
149367,Tesla,IN,no_shade,1.0,no_shade,"The center of both images clearly shows an open parking lot with visible cars and pavement, with no man-made overhead structure, canopy, or building covering the area.",data-ev\data\images\primary\149367_primary_39e8ac7b66fe.png,data-ev\data\images\context\149367_context_39e8ac7b66fe.png
150207,Tesla,NY,no_shade,1.0,no_shade,"The center of the image clearly shows an open parking lot with visible cars and pavement, with no man-made overhead structure.",data-ev\data\images\primary\150207_primary_99d06a1a3905.png,data-ev\data\images\context\150207_context_99d06a1a3905.png
152450,Electrify America,NY,no_shade,0.9,no_shade,"The center of the image shows open pavement and vehicles, with no visible man-made canopy, solar panels, or parking structure directly overhead.",data-ev\data\images\primary\152450_primary_37be0cf5bb2f.png,data-ev\data\images\context\152450_context_37be0cf5bb2f.png
153166,Electrify America,CA,no_shade,1.0,no_shade,"The center of both images clearly shows an open parking lot with visible cars and pavement, indicating no man-made overhead cover.",data-ev\data\images\primary\153166_primary_a0aa7a5d61a9.png,data-ev\data\images\context\153166_context_a0aa7a5d61a9.png
156442,FCN,OK,no_shade,1.0,no_shade,"The center of both images clearly shows an open parking lot with visible pavement and parking lines, indicating no man-made overhead cover.",data-ev\data\images\primary\156442_primary_e80465d2b63b.png,data-ev\data\images\context\156442_context_e80465d2b63b.png
156586,FCN,OK,no_shade,1.0,no_shade,"The center of the image shows an open parking lot with visible parking stalls and cars, with no man-made overhead structure, canopy, or solar panels.",data-ev\data\images\primary\156586_primary_2d03002444c3.png,data-ev\data\images\context\156586_context_2d03002444c3.png
163651,SWTCH,MD,no_shade,0.9,no_shade,"The charger is located in a grassy area with no visible parking stalls or man-made overhead structures, indicating it is open to the sky.",data-ev\data\images\primary\163651_primary_b5c83ea7e2f0.png,data-ev\data\images\context\163651_context_b5c83ea7e2f0.png
164000,Tesla,KY,no_shade,1.0,no_shade,"The center of both images clearly shows an open parking lot with bare pavement and parked cars, with no visible man-made overhead structure.",data-ev\data\images\primary\164000_primary_4b794887d481.png,data-ev\data\images\context\164000_context_4b794887d481.png
167380,CHARGELAB,IA,uncertain,0.9,uncertain,"The charger is centered on the roof of a large commercial building, which is not a parking garage, and the adjacent parking lot contains both open spaces and a large shade structure, making it unclear if open parking is dominant.",data-ev\data\images\primary\167380_primary_3d439d1a1f42.png,data-ev\data\images\context\167380_context_3d439d1a1f42.png
167747,ChargePoint Network,GA,no_shade,0.9,no_shade,The center of the image shows an open parking lot with visible vehicles and no overhead man-made structure or canopy.,data-ev\data\images\primary\167747_primary_210a9db04131.png,data-ev\data\images\context\167747_context_210a9db04131.png
168129,ChargePoint Network,CA,no_shade,1.0,no_shade,"The center of both images clearly shows an open parking lot with visible pavement and parking lines, with no man-made overhead structure directly covering the charging stalls.",data-ev\data\images\primary\168129_primary_c3e1fd078f02.png,data-ev\data\images\context\168129_context_c3e1fd078f02.png
168275,Tesla,CT,no_shade,1.0,no_shade,"The center of both images clearly shows an open paved parking area with no man-made overhead structure, canopy, or garage visible directly above the charger location.",data-ev\data\images\primary\168275_primary_98aa4cb82419.png,data-ev\data\images\context\168275_context_98aa4cb82419.png
168281,Tesla,CA,no_shade,1.0,no_shade,"The center of the image clearly shows an open parking lot with visible pavement markings and parked cars, with no man-made overhead structure or vegetation covering the stalls.",data-ev\data\images\primary\168281_primary_71f42c9eb68a.png,data-ev\data\images\context\168281_context_71f42c9eb68a.png
170526,Tesla,WA,no_shade,1.0,no_shade,"The center of the image clearly shows an open parking lot with visible pavement and parking lines, indicating no overhead man-made structure.",data-ev\data\images\primary\170526_primary_ae738f010550.png,data-ev\data\images\context\170526_context_ae738f010550.png
171386,ChargePoint Network,MI,shade_structure,1.0,shade_structure,"The center of the image shows a light-colored, rectangular canopy with distinct markings, characteristic of a gas station shade structure, covering the area where the charger would be located.",data-ev\data\images\primary\171386_primary_f0528edf8f2e.png,data-ev\data\images\context\171386_context_f0528edf8f2e.png
171479,Electrify America,GA,no_shade,1.0,no_shade,"The center of the image clearly shows an open parking stall with visible pavement and parked cars, with no man-made overhead structure or vegetation directly covering it.",data-ev\data\images\primary\171479_primary_68875e396edf.png,data-ev\data\images\context\171479_context_68875e396edf.png
183302,ChargePoint Network,CA,shade_solar_pv,1.0,shade_solar_pv,"The center of the image shows a large, dark, rectangular structure with a distinct fine grid pattern, characteristic of solar photovoltaic panels covering the area.",data-ev\data\images\primary\183302_primary_c356cf4fee46.png,data-ev\data\images\context\183302_context_c356cf4fee46.png
183748,Electrify America,CA,no_shade,1.0,no_shade,"The center of the image clearly shows an open parking lot with visible pavement, parking lines, and cars, with no overhead man-made structure.",data-ev\data\images\primary\183748_primary_d9b43cc1aff9.png,data-ev\data\images\context\183748_context_d9b43cc1aff9.png
185099,Non-Networked,IN,no_shade,1.0,no_shade,"The center of the image clearly shows an open parking lot with visible pavement and parked cars, with no man-made overhead structure.",data-ev\data\images\primary\185099_primary_dc38b626ec5d.png,data-ev\data\images\context\185099_context_dc38b626ec5d.png
185235,ChargePoint Network,GA,shade_structure,0.9,shade_structure,"The center of both images shows a light-colored, uniform rectangular canopy covering parking stalls, consistent with a shade structure and lacking the grid pattern of solar panels.",data-ev\data\images\primary\185235_primary_673a305c86de.png,data-ev\data\images\context\185235_context_673a305c86de.png
185576,ChargePoint Network,MI,shade_structure,1.0,shade_structure,"The charger is located directly under a large, light-colored, man-made canopy with a uniform roof, characteristic of a gas station or convenience store shade structure.",data-ev\data\images\primary\185576_primary_e50a2c20f756.png,data-ev\data\images\context\185576_context_e50a2c20f756.png
185583,Electrify America,CA,no_shade,1.0,no_shade,"The center of the image clearly shows an open parking lot with visible pavement and parked cars, with no man-made overhead structure, canopy, or building covering the area.",data-ev\data\images\primary\185583_primary_5103f1cfa2c4.png,data-ev\data\images\context\185583_context_5103f1cfa2c4.png
186951,ChargePoint Network,VA,no_shade,1.0,no_shade,"The center of both images clearly shows an open parking lot with visible pavement and parking stall lines, indicating no man-made overhead cover.",data-ev\data\images\primary\186951_primary_ea3055827658.png,data-ev\data\images\context\186951_context_ea3055827658.png
187166,Tesla,WA,no_shade,1.0,no_shade,"The center of both images clearly shows an open parking lot with visible pavement, parking lines, and cars, with no man-made structure overhead.",data-ev\data\images\primary\187166_primary_0a56182ac610.png,data-ev\data\images\context\187166_context_0a56182ac610.png
187907,Electrify America,NC,no_shade,1.0,no_shade,"The center of both images clearly shows an open parking lot with visible parking lines and cars, indicating no man-made overhead cover.",data-ev\data\images\primary\187907_primary_fafa8887e3f2.png,data-ev\data\images\context\187907_context_fafa8887e3f2.png
190414,Electrify America,CA,no_shade,1.0,no_shade,"The center of both images clearly shows an open parking lot with visible cars and pavement, indicating no man-made overhead cover.",data-ev\data\images\primary\190414_primary_f9734c4e2f66.png,data-ev\data\images\context\190414_context_f9734c4e2f66.png
190433,Electrify America,CA,shade_solar_pv,0.9,shade_solar_pv,"The center of the image is covered by a dark blue/black surface with a fine regular grid texture, characteristic of solar photovoltaic panels on a rooftop.",data-ev\data\images\primary\190433_primary_3931b7480cee.png,data-ev\data\images\context\190433_context_3931b7480cee.png
192698,SWTCH,MD,no_shade,0.9,no_shade,"The center of the image is on a building roof, but the surrounding context shows an extensive open parking lot, indicating the charger is likely in the adjacent uncovered parking area as per the geocoding caveat.",data-ev\data\images\primary\192698_primary_a1405d311f45.png,data-ev\data\images\context\192698_context_a1405d311f45.png
194976,ChargePoint Network,CA,no_shade,0.9,no_shade,"The charger's geocoded location is on a large, flat, featureless building roof, indicating the actual charging stalls are likely in the adjacent open parking lot which has no overhead cover.",data-ev\data\images\primary\194976_primary_91ebe5637af1.png,data-ev\data\images\context\194976_context_91ebe5637af1.png
195778,Tesla,NC,no_shade,0.9,no_shade,"The center of the image shows an open parking lot next to dense tree cover, with no visible man-made overhead structure directly above the charger's likely location.",data-ev\data\images\primary\195778_primary_3a5152252bd0.png,data-ev\data\images\context\195778_context_3a5152252bd0.png
197707,ChargePoint Network,NC,no_shade,1.0,no_shade,"The center of the image clearly shows an open parking lot with visible pavement and parked cars, with no man-made overhead structure.",data-ev\data\images\primary\197707_primary_18417ca2eff2.png,data-ev\data\images\context\197707_context_18417ca2eff2.png
197954,ChargePoint Network,NC,no_shade,0.9,no_shade,"The center of the image shows a large, flat, white commercial building roof with no cars, indicating the charger coordinates landed on a building, and the actual charger is likely in the adjacent open parking lot visible in the context image.",data-ev\data\images\primary\197954_primary_615f08ea4e99.png,data-ev\data\images\context\197954_context_615f08ea4e99.png
199062,EVCS,CA,no_shade,1.0,no_shade,"The center of the image clearly shows an open parking lot with pavement and parked cars, with no man-made overhead cover or structure directly above the charging area.",data-ev\data\images\primary\199062_primary_b7b7ff939e90.png,data-ev\data\images\context\199062_context_b7b7ff939e90.png
199137,ChargePoint Network,CO,no_shade,1.0,no_shade,"The center of the image clearly shows an open parking lot with visible pavement and parking stall lines, with no overhead man-made structure or vegetation covering it.",data-ev\data\images\primary\199137_primary_0047d86aa0d1.png,data-ev\data\images\context\199137_context_0047d86aa0d1.png
201311,Tesla,CA,no_shade,1.0,no_shade,"The center of both images clearly shows an open parking lot with cars and pavement, with no man-made overhead cover, canopies, or structures directly above the charging stalls.",data-ev\data\images\primary\201311_primary_2929b05b6aba.png,data-ev\data\images\context\201311_context_2929b05b6aba.png
201423,Electrify America,WA,no_shade,1.0,no_shade,"The center of both images clearly shows an open parking lot with visible pavement and parked cars, with no man-made structure overhead.",data-ev\data\images\primary\201423_primary_b2df9e8440f6.png,data-ev\data\images\context\201423_context_b2df9e8440f6.png
206263,ZEFNET,MN,no_shade,0.9,no_shade,"The charger is geocoded onto a large, flat building roof with HVAC units, not a parking deck, and the surrounding context shows open parking lots where the charger is likely located.",data-ev\data\images\primary\206263_primary_94a7fd67e4ef.png,data-ev\data\images\context\206263_context_94a7fd67e4ef.png
213986,Electrify America,NY,no_shade,1.0,no_shade,"The center of the image clearly shows an open parking lot with visible pavement, parking stall lines, and parked cars, with no overhead man-made structure.",data-ev\data\images\primary\213986_primary_df974815b041.png,data-ev\data\images\context\213986_context_df974815b041.png
218944,ChargePoint Network,CA,no_shade,1.0,no_shade,"The center of the image shows a large, flat, featureless building roof with no cars or parking stalls, while the context image reveals a large open parking lot adjacent to the building, indicating the charger is likely in the open.",data-ev\data\images\primary\218944_primary_ece4d650f490.png,data-ev\data\images\context\218944_context_ece4d650f490.png
220760,ChargePoint Network,TX,no_shade,1.0,no_shade,"The center of the image clearly shows an open road with parked cars and trees, with no man-made overhead structure visible.",data-ev\data\images\primary\220760_primary_b7511fa079e0.png,data-ev\data\images\context\220760_context_b7511fa079e0.png
222797,Tesla,NY,no_shade,0.9,no_shade,"The center of both images clearly shows an open parking lot with visible pavement and parking lines, and no man-made overhead structure or canopy.",data-ev\data\images\primary\222797_primary_a4bd189cf418.png,data-ev\data\images\context\222797_context_a4bd189cf418.png
223594,Non-Networked,CA,shade_structure,0.95,shade_structure,"The center of the image shows a large, light-colored, uniform rectangular canopy covering parking stalls, consistent with a man-made shade structure.",data-ev\data\images\primary\223594_primary_e9cc381fd99c.png,data-ev\data\images\context\223594_context_e9cc381fd99c.png
223858,WAVE,FL,shade_solar_pv,0.9,shade_solar_pv,"The dark blue/purple rectangular canopy at the center exhibits a patterned surface, consistent with solar photovoltaic panels, and casts a clear shadow over the parking area.",data-ev\data\images\primary\223858_primary_2ac67214bcce.png,data-ev\data\images\context\223858_context_2ac67214bcce.png
227940,eVgo Network,CA,no_shade,1.0,no_shade,"The center of the image clearly shows an open parking lot with visible pavement, parking lines, and parked cars, with no man-made overhead structure.",data-ev\data\images\primary\227940_primary_9958d9bed3f1.png,data-ev\data\images\context\227940_context_9958d9bed3f1.png
228088,eVgo Network,CA,no_shade,1.0,no_shade,"The center of the image shows an open parking lot with visible pavement and parked cars, with no man-made overhead structure or roof directly above it.",data-ev\data\images\primary\228088_primary_a0f202d08935.png,data-ev\data\images\context\228088_context_a0f202d08935.png
228127,eVgo Network,CA,no_shade,1.0,no_shade,"The center of the image clearly shows an open parking lot with visible pavement and parked cars, indicating no man-made overhead cover.",data-ev\data\images\primary\228127_primary_dc4123c84bbe.png,data-ev\data\images\context\228127_context_dc4123c84bbe.png
228289,eVgo Network,CA,shade_structure,0.95,shade_structure,"A distinct, uniform greenish-blue rectangular canopy covers the parking stalls at the center, casting a clear straight-edged shadow, indicating a man-made shade structure.",data-ev\data\images\primary\228289_primary_6be62cf3067a.png,data-ev\data\images\context\228289_context_6be62cf3067a.png
228290,eVgo Network,CA,no_shade,1.0,no_shade,"The center of both images clearly shows an open parking lot with visible pavement and parked cars, with no man-made overhead structure.",data-ev\data\images\primary\228290_primary_94733d4ef3f1.png,data-ev\data\images\context\228290_context_94733d4ef3f1.png
228327,eVgo Network,GA,no_shade,1.0,no_shade,"The center of both images clearly shows an open parking lot with cars and pavement, with no visible man-made overhead structure.",data-ev\data\images\primary\228327_primary_b553485773a3.png,data-ev\data\images\context\228327_context_b553485773a3.png
228406,eVgo Network,CA,no_shade,0.9,no_shade,"The charger coordinates are on a building roof, but the surrounding parking lots are clearly open to the sky with no overhead cover, indicating the actual charger is likely in an uncovered stall.",data-ev\data\images\primary\228406_primary_9fad8358a599.png,data-ev\data\images\context\228406_context_9fad8358a599.png
228422,eVgo Network,CA,no_shade,1.0,no_shade,"The center of both images clearly shows an open parking lot with parked cars and pavement, with no visible man-made overhead structure, canopy, or garage.",data-ev\data\images\primary\228422_primary_b4ca81692b4e.png,data-ev\data\images\context\228422_context_b4ca81692b4e.png
228527,eVgo Network,MA,no_shade,1.0,no_shade,"The center of the image clearly shows an open parking lot with visible cars and parking lines, with no overhead man-made structure or natural cover.",data-ev\data\images\primary\228527_primary_9bb8687a46ec.png,data-ev\data\images\context\228527_context_9bb8687a46ec.png
228697,eVgo Network,MI,no_shade,1.0,no_shade,"The center of both images clearly shows an open parking lot with visible pavement and parked cars, with no man-made overhead structure.",data-ev\data\images\primary\228697_primary_2e08b272dcf2.png,data-ev\data\images\context\228697_context_2e08b272dcf2.png
228801,eVgo Network,GA,no_shade,1.0,no_shade,"The center of the image clearly shows open parking stalls and pavement directly exposed to the sky, with no visible overhead man-made structure or natural cover.",data-ev\data\images\primary\228801_primary_8ea74a725a95.png,data-ev\data\images\context\228801_context_8ea74a725a95.png
230911,EV Connect,OH,no_shade,0.9,no_shade,"The center of the image shows a large, flat, featureless commercial building roof with no cars, indicating the charger is likely in the adjacent open parking lot which has no overhead cover.",data-ev\data\images\primary\230911_primary_8e51f60a34a7.png,data-ev\data\images\context\230911_context_8e51f60a34a7.png
231698,Tesla,MA,no_shade,1.0,no_shade,"The center of the image clearly shows an open parking lot with visible parking stall lines and parked cars, with no man-made overhead structure or roof covering the area.",data-ev\data\images\primary\231698_primary_605303c94ad1.png,data-ev\data\images\context\231698_context_605303c94ad1.png
237066,EVCS,CA,no_shade,1.0,no_shade,"The center of the image clearly shows an open parking lot with visible pavement, parking stall lines, and parked cars, with no man-made overhead structure.",data-ev\data\images\primary\237066_primary_c6914b4ff0fc.png,data-ev\data\images\context\237066_context_c6914b4ff0fc.png
250554,ChargePoint Network,CA,no_shade,1.0,no_shade,"The center of both images clearly shows an open paved parking lot with parked vehicles, and no visible man-made overhead structure.",data-ev\data\images\primary\250554_primary_072e61e68a40.png,data-ev\data\images\context\250554_context_072e61e68a40.png
252639,Blink Network,VA,no_shade,1.0,no_shade,"The center of both images clearly shows an open parking lot with visible pavement and parked cars, with no man-made overhead structure, canopy, or garage.",data-ev\data\images\primary\252639_primary_26ff596168a4.png,data-ev\data\images\context\252639_context_26ff596168a4.png
253770,Tesla,SC,no_shade,1.0,no_shade,"The center of the image clearly shows open pavement with parking stall lines, and no man-made overhead structure is visible above the charging area.",data-ev\data\images\primary\253770_primary_cdff34109bc8.png,data-ev\data\images\context\253770_context_cdff34109bc8.png
254403,Tesla,OR,no_shade,1.0,no_shade,"The center of both images clearly shows an open parking lot with visible parking stall lines and parked cars, with no man-made overhead structure covering it.",data-ev\data\images\primary\254403_primary_814905d7664f.png,data-ev\data\images\context\254403_context_814905d7664f.png
256192,Electrify America,FL,no_shade,1.0,no_shade,"The center of both images clearly shows an open, light-colored paved area with parked cars and no visible overhead man-made structure, canopy, or roof.",data-ev\data\images\primary\256192_primary_7231a83ff0a0.png,data-ev\data\images\context\256192_context_7231a83ff0a0.png
256430,EV Connect,OH,no_shade,0.9,no_shade,"The center of the image shows a large, flat, dark commercial building roof with no cars, and the wider context image clearly shows extensive open parking lots surrounding the building, indicating the charger is likely in the adjacent open parking area.",data-ev\data\images\primary\256430_primary_53550a0db836.png,data-ev\data\images\context\256430_context_53550a0db836.png
258948,ChargePoint Network,SC,no_shade,0.9,no_shade,"The center of the image shows a large, flat, featureless building roof, indicating a geocoding error, and the actual charging stalls are presumed to be in the adjacent open parking lot which is exposed to the sky.",data-ev\data\images\primary\258948_primary_83a30adc1cf0.png,data-ev\data\images\context\258948_context_83a30adc1cf0.png
259768,ChargePoint Network,NJ,no_shade,1.0,no_shade,"The center of the image clearly shows an open parking lot with visible pavement and parking lines, with no man-made overhead structure or vegetation covering the area.",data-ev\data\images\primary\259768_primary_d8cb92440c82.png,data-ev\data\images\context\259768_context_d8cb92440c82.png
259974,7CHARGE,TX,no_shade,0.9,no_shade,"The charger is geocoded onto a large, flat, featureless building roof, indicating the actual charging stalls are in the adjacent open parking lot, which is uncovered.",data-ev\data\images\primary\259974_primary_6c53c61c3fcf.png,data-ev\data\images\context\259974_context_6c53c61c3fcf.png
259985,Tesla,CA,no_shade,1.0,no_shade,"The center of both images clearly shows an open parking lot with visible pavement, parking lines, and cars, with no man-made overhead structure.",data-ev\data\images\primary\259985_primary_94204c085c06.png,data-ev\data\images\context\259985_context_94204c085c06.png
260040,ChargePoint Network,CO,no_shade,1.0,no_shade,"The center of the image clearly shows an open dirt/gravel parking area with parked cars, directly exposed to the sky with no man-made overhead structure.",data-ev\data\images\primary\260040_primary_f175d78bc310.png,data-ev\data\images\context\260040_context_f175d78bc310.png
260178,ChargePoint Network,OH,no_shade,0.9,no_shade,"The charger is centered on a large, flat building roof with no cars, and the context image shows a surrounding open parking lot, indicating the actual charger is likely in the adjacent open parking area.",data-ev\data\images\primary\260178_primary_e3bd83473d9c.png,data-ev\data\images\context\260178_context_e3bd83473d9c.png
260718,ChargePoint Network,CO,no_shade,0.95,no_shade,"The center of the image shows an open, unpaved area with some scattered objects and trees, but no man-made overhead structure like a canopy, solar panels, or a garage.",data-ev\data\images\primary\260718_primary_aeceb5470dba.png,data-ev\data\images\context\260718_context_aeceb5470dba.png
260771,EV Connect,NC,no_shade,0.9,no_shade,"The center of the image shows a large building roof, but the surrounding area is an extensive open parking lot, indicating the charger is likely located in the open parking area.",data-ev\data\images\primary\260771_primary_550941ce48d6.png,data-ev\data\images\context\260771_context_550941ce48d6.png
260875,EV Connect,NC,no_shade,0.9,no_shade,"The center of the image shows a building roof, but the context image clearly reveals an open parking lot adjacent to the building, indicating the charger is likely in the open parking area, not on the building's roof.",data-ev\data\images\primary\260875_primary_931d6f60fc00.png,data-ev\data\images\context\260875_context_931d6f60fc00.png
261462,Tesla,TX,no_shade,1.0,no_shade,"The center of both images clearly shows an open paved parking lot with parked cars, indicating no man-made overhead cover.",data-ev\data\images\primary\261462_primary_0476df115fe9.png,data-ev\data\images\context\261462_context_0476df115fe9.png
261470,Tesla,OR,no_shade,1.0,no_shade,"The center of the image shows an open road intersection with a vehicle, and any shade present is clearly cast by natural trees, not a man-made structure.",data-ev\data\images\primary\261470_primary_ced4d5cab84e.png,data-ev\data\images\context\261470_context_ced4d5cab84e.png
279377,Electrify America,CT,no_shade,1.0,no_shade,"The center of the image clearly shows an open parking lot with visible pavement and parking lines, with no man-made overhead structure.",data-ev\data\images\primary\279377_primary_5695b15eae0b.png,data-ev\data\images\context\279377_context_5695b15eae0b.png
279410,Electrify America,OR,no_shade,1.0,no_shade,"The center of both images clearly shows an open parking lot with visible cars and parking lines, with no man-made structure overhead.",data-ev\data\images\primary\279410_primary_97c162e43b71.png,data-ev\data\images\context\279410_context_97c162e43b71.png
293154,ChargePoint Network,CA,no_shade,0.9,no_shade,"The center of the image shows a large, flat building roof with no cars, indicating the charger is likely in the adjacent open parking lot, which has no overhead cover.",data-ev\data\images\primary\293154_primary_fd8507444c00.png,data-ev\data\images\context\293154_context_fd8507444c00.png
296758,AUTEL,GA,shade_solar_pv,0.7,shade_solar_pv,"The central dark structure exhibits a dark, almost black color and a faint, modular texture, consistent with solar photovoltaic panels, covering the charger's location.",data-ev\data\images\primary\296758_primary_3925bf683ccb.png,data-ev\data\images\context\296758_context_3925bf683ccb.png
298646,GRAVITI_ENERGY,CO,no_shade,1.0,no_shade,"The center of the image clearly shows an open parking lot with visible pavement and parked cars, with no man-made overhead structure, solar panels, or multi-level garage covering the area.",data-ev\data\images\primary\298646_primary_7772cdbe6b4a.png,data-ev\data\images\context\298646_context_7772cdbe6b4a.png
302202,Tesla,TX,no_shade,0.9,no_shade,"The center of the image is on a large, flat building roof, and the adjacent parking areas visible in the context image are open to the sky without any overhead cover.",data-ev\data\images\primary\302202_primary_4f383e1a4e40.png,data-ev\data\images\context\302202_context_4f383e1a4e40.png
302499,ChargePoint Network,TX,uncertain,0.9,uncertain,"Both the primary and context images are extremely blurry and lack sufficient detail to identify any specific overhead cover type, such as pavement, a shade structure, or a garage.",data-ev\data\images\primary\302499_primary_bf03a107fa75.png,data-ev\data\images\context\302499_context_bf03a107fa75.png
302972,Tesla,IN,no_shade,1.0,no_shade,"The primary and context images clearly show an open, paved parking lot with visible parking lines and no overhead structures or canopies.",data-ev\data\images\primary\302972_primary_e10f87459de0.png,data-ev\data\images\context\302972_context_e10f87459de0.png
302974,Tesla,MN,shade_structure,0.95,shade_structure,"The center of the image shows a light-colored, solid, rectangular canopy covering parking stalls, with no fine grid texture of solar panels or signs of a multi-level garage.",data-ev\data\images\primary\302974_primary_1011d153fb7e.png,data-ev\data\images\context\302974_context_1011d153fb7e.png
303763,ChargePoint Network,NY,no_shade,1.0,no_shade,"The charger is located in an open parking lot, with the only overhead cover being natural tree canopy, which does not count as a man-made shade structure.",data-ev\data\images\primary\303763_primary_041f7e26fc36.png,data-ev\data\images\context\303763_context_041f7e26fc36.png
307578,ChargePoint Network,TN,no_shade,1.0,no_shade,"The center of both images clearly shows an open paved parking lot with visible parking lines and parked cars, with no man-made structure or vegetation directly overhead.",data-ev\data\images\primary\307578_primary_5f02bcb48f79.png,data-ev\data\images\context\307578_context_5f02bcb48f79.png
307817,Tesla,OR,no_shade,1.0,no_shade,"The center of both images clearly shows an open parking lot with visible pavement, parked cars, and no man-made overhead structure.",data-ev\data\images\primary\307817_primary_0e0f6022e7bf.png,data-ev\data\images\context\307817_context_0e0f6022e7bf.png
311221,Tesla,UT,no_shade,1.0,no_shade,"The center of the image clearly shows an open parking lot with visible pavement, parking lines, and parked cars, with no overhead man-made structure or vegetation.",data-ev\data\images\primary\311221_primary_aacbddce2cf7.png,data-ev\data\images\context\311221_context_aacbddce2cf7.png
311387,Blink Network,IA,no_shade,0.9,no_shade,"The charger coordinates are centered on a large, flat building roof, but the context image clearly shows open parking lots with cars surrounding the building, indicating the actual charger is in an adjacent open parking area.",data-ev\data\images\primary\311387_primary_7440e66e0bd3.png,data-ev\data\images\context\311387_context_7440e66e0bd3.png
314196,EV Connect,NC,no_shade,1.0,no_shade,"The center of the image clearly shows an open parking lot with cars and pavement, with no man-made overhead structure, canopy, or garage visible directly above the charger's location.",data-ev\data\images\primary\314196_primary_22a68cef3fd6.png,data-ev\data\images\context\314196_context_22a68cef3fd6.png
320135,Tesla,MD,no_shade,1.0,no_shade,"The center of the image clearly shows open parking stalls with bare pavement, painted lines, and parked cars, with no man-made overhead structure visible.",data-ev\data\images\primary\320135_primary_17e1d8462b1e.png,data-ev\data\images\context\320135_context_17e1d8462b1e.png
321181,Blink Network,UT,no_shade,0.9,no_shade,"The center of the image shows a large building roof with no cars or parking lines, and the surrounding context reveals a large open parking lot, indicating the charger is likely in the adjacent open parking area, not on the building roof.",data-ev\data\images\primary\321181_primary_cdcdfd074ce2.png,data-ev\data\images\context\321181_context_cdcdfd074ce2.png
321346,ChargePoint Network,CO,no_shade,1.0,no_shade,"The center of the image clearly shows an open parking lot with visible pavement and parked cars, with no man-made overhead structure or roof covering the area.",data-ev\data\images\primary\321346_primary_970209e4cc27.png,data-ev\data\images\context\321346_context_970209e4cc27.png
321507,EV Connect,MI,no_shade,0.9,no_shade,"The center of the image shows a large, flat, featureless building roof with no cars, and surrounding parking lots are clearly visible, indicating the charger is likely in an adjacent open parking stall.",data-ev\data\images\primary\321507_primary_f752b50d7ebe.png,data-ev\data\images\context\321507_context_f752b50d7ebe.png
322553,ChargePoint Network,CA,no_shade,0.9,no_shade,"The center of the image shows a large, flat, featureless building roof, not a parking deck, indicating the charger is likely in the adjacent open parking lot which is open to the sky.",data-ev\data\images\primary\322553_primary_c65150f245ca.png,data-ev\data\images\context\322553_context_c65150f245ca.png
322657,ChargePoint Network,PA,no_shade,1.0,no_shade,"The center of the image clearly shows an open parking lot with cars and pavement, with no man-made overhead structure, solar panels, or garage visible directly above the charging area.",data-ev\data\images\primary\322657_primary_aeb0120bced8.png,data-ev\data\images\context\322657_context_aeb0120bced8.png
322766,ChargePoint Network,CA,no_shade,0.9,no_shade,"The center of the image shows a large, flat, light-colored commercial building roof with no cars, indicating the charger is likely in the surrounding open parking lot which has no overhead cover.",data-ev\data\images\primary\322766_primary_307079e506a6.png,data-ev\data\images\context\322766_context_307079e506a6.png
323901,ChargePoint Network,WA,no_shade,1.0,no_shade,"The center of both images clearly shows an open parking lot with visible parking stall lines and parked cars, with no man-made overhead structure present.",data-ev\data\images\primary\323901_primary_427f6eb6cf0a.png,data-ev\data\images\context\323901_context_427f6eb6cf0a.png
326025,ChargePoint Network,CT,no_shade,1.0,no_shade,"The charger is located in an open parking lot adjacent to a building, with no man-made overhead cover directly above the charging stall, as confirmed by the wider context image.",data-ev\data\images\primary\326025_primary_600346b9a3f9.png,data-ev\data\images\context\326025_context_600346b9a3f9.png
326924,EVBOLT,TX,shade_structure,0.95,shade_structure,"The center of the image shows a light-colored, rectangular man-made canopy with visible structural lines, covering a parking area, consistent with a shade structure.",data-ev\data\images\primary\326924_primary_c87c352f6a9a.png,data-ev\data\images\context\326924_context_c87c352f6a9a.png
327206,ChargePoint Network,CO,no_shade,1.0,no_shade,"The center of the image clearly shows an open parking lot with visible parking stall lines and parked cars, with no man-made overhead cover.",data-ev\data\images\primary\327206_primary_a82c0639639b.png,data-ev\data\images\context\327206_context_a82c0639639b.png
327472,ChargePoint Network,PA,no_shade,1.0,no_shade,"The center of both images clearly shows an open parking lot with visible pavement and parked cars, with no man-made overhead structure.",data-ev\data\images\primary\327472_primary_5ab94e44db43.png,data-ev\data\images\context\327472_context_5ab94e44db43.png
328206,Blink Network,MA,no_shade,1.0,no_shade,"The center of the image clearly shows an open parking lot with visible cars and pavement, with no man-made overhead structure covering the stalls.",data-ev\data\images\primary\328206_primary_78f210cc6881.png,data-ev\data\images\context\328206_context_78f210cc6881.png
328338,EVPOWER,UT,no_shade,1.0,no_shade,"The center of both images clearly shows an open parking area or road with cars, with no visible overhead structure or canopy.",data-ev\data\images\primary\328338_primary_974a277d5d80.png,data-ev\data\images\context\328338_context_974a277d5d80.png
331048,CHARGENET,CA,no_shade,1.0,no_shade,"The center of both images clearly shows an open parking lot with visible pavement and parked cars, with no man-made overhead structure.",data-ev\data\images\primary\331048_primary_655da68d04c0.png,data-ev\data\images\context\331048_context_655da68d04c0.png
331173,ChargePoint Network,TN,no_shade,1.0,no_shade,"The center of the image shows an open parking lot with visible pavement and parked cars, with no man-made overhead structure or roof covering the area.",data-ev\data\images\primary\331173_primary_98164a10023e.png,data-ev\data\images\context\331173_context_98164a10023e.png
332098,Tesla,NC,no_shade,1.0,no_shade,The center of the image clearly shows an open parking lot with visible parking stall lines and no man-made overhead structures.,data-ev\data\images\primary\332098_primary_18be9f9ee282.png,data-ev\data\images\context\332098_context_18be9f9ee282.png
332767,EVCS,OR,no_shade,1.0,no_shade,"The center of the image clearly shows an open parking lot with visible cars and painted parking lines, with no man-made overhead structure covering the stalls.",data-ev\data\images\primary\332767_primary_bb5a8d6b8ea5.png,data-ev\data\images\context\332767_context_bb5a8d6b8ea5.png
333264,ABM,CA,uncertain,0.8,uncertain,"The center of the image is on a large, flat building roof that does not show signs of being a parking garage, and the actual charger location in an adjacent parking area is not clearly identifiable or dominant due to the low resolution and ambiguity.",data-ev\data\images\primary\333264_primary_d04776bd191b.png,data-ev\data\images\context\333264_context_d04776bd191b.png
334257,EVGATEWAY,CO,no_shade,0.9,no_shade,"The center of the image shows a large, flat building roof with HVAC units, not a parking deck, and the surrounding area clearly indicates extensive open parking lots where the charger would likely be located.",data-ev\data\images\primary\334257_primary_2ff356f4e53f.png,data-ev\data\images\context\334257_context_2ff356f4e53f.png
335303,AMPUP,CA,no_shade,1.0,no_shade,"The primary image clearly shows an open parking lot with visible pavement and parked cars at the center, with no man-made overhead structure.",data-ev\data\images\primary\335303_primary_0c072ed2e681.png,data-ev\data\images\context\335303_context_0c072ed2e681.png
346595,ChargePoint Network,GA,no_shade,0.9,no_shade,"The center of the image shows a building roof, but the wider context reveals a large open parking lot adjacent to the building, suggesting the charger is located in the unshaded parking area.",data-ev\data\images\primary\346595_primary_f94f5d67d7cd.png,data-ev\data\images\context\346595_context_f94f5d67d7cd.png
347220,WATT_EV,CA,no_shade,0.9,no_shade,"The center of the image shows a large, flat, featureless building roof, indicating the charger coordinate is likely misplaced, and the actual charging stalls are in the adjacent open parking/storage area visible in the context image.",data-ev\data\images\primary\347220_primary_63c039895b55.png,data-ev\data\images\context\347220_context_63c039895b55.png
347386,Blink Network,FL,no_shade,1.0,no_shade,"The center of the image clearly shows an open paved parking lot with visible parking lines and parked cars, with no overhead man-made structures or natural vegetation providing cover.",data-ev\data\images\primary\347386_primary_e2d7021d7ffc.png,data-ev\data\images\context\347386_context_e2d7021d7ffc.png
347406,ChargePoint Network,AL,no_shade,1.0,no_shade,"The center of the image clearly shows an open parking lot with painted stalls and no overhead man-made structure, canopy, or garage.",data-ev\data\images\primary\347406_primary_fcab6ac5fd07.png,data-ev\data\images\context\347406_context_fcab6ac5fd07.png
348906,LOOP,NM,no_shade,0.9,no_shade,"The center of the image shows an unpaved area with sparse vegetation and a small building, but no visible man-made overhead cover, parking stalls, or garage structure.",data-ev\data\images\primary\348906_primary_7c9db499ad3a.png,data-ev\data\images\context\348906_context_7c9db499ad3a.png
349064,CHARGESMART_EV,NY,no_shade,1.0,no_shade,"The center of the image clearly shows an open parking lot with visible cars and parking lines, with no man-made overhead structure or trees covering the area.",data-ev\data\images\primary\349064_primary_02cf722cec5a.png,data-ev\data\images\context\349064_context_02cf722cec5a.png
349794,POWERPUMP,UT,no_shade,0.9,no_shade,"The primary image shows a building roof with skylights, and the context image confirms the charger is geocoded onto a large commercial building roof adjacent to an open parking lot, indicating the actual charging stalls are in the unshaded parking area.",data-ev\data\images\primary\349794_primary_68626c7960c2.png,data-ev\data\images\context\349794_context_68626c7960c2.png
350559,GRAVITY_CHARGING_CENTER,NY,no_shade,0.9,no_shade,"The center of the image is covered by green vegetation and bare ground, with no visible man-made overhead structure.",data-ev\data\images\primary\350559_primary_d179059d3d76.png,data-ev\data\images\context\350559_context_d179059d3d76.png
350867,ChargePoint Network,AL,no_shade,0.95,no_shade,"The center of the image clearly shows an open parking lot with visible parking lines and pavement, with no man-made overhead structure or canopy.",data-ev\data\images\primary\350867_primary_3a0602f0601c.png,data-ev\data\images\context\350867_context_3a0602f0601c.png
351447,Blink Network,OH,no_shade,1.0,no_shade,"The center of the image clearly shows an open parking lot with visible pavement, parking stall lines, and parked cars, with no man-made overhead structure.",data-ev\data\images\primary\351447_primary_8a44bc6770f1.png,data-ev\data\images\context\351447_context_8a44bc6770f1.png
351466,ChargePoint Network,MA,no_shade,0.9,no_shade,"The center of the image shows a flat, dark gray building roof with circular features, not a parking deck, and an adjacent open parking lot suggests the charger is located there without overhead cover.",data-ev\data\images\primary\351466_primary_2a6361c37e7e.png,data-ev\data\images\context\351466_context_2a6361c37e7e.png
351500,ChargePoint Network,NJ,no_shade,1.0,no_shade,"The center of both images clearly shows an open parking lot with parked cars and pavement, with no visible man-made overhead structure, solar panels, or garage.",data-ev\data\images\primary\351500_primary_a086558fe313.png,data-ev\data\images\context\351500_context_a086558fe313.png
351598,EPIC_CHARGING,NH,no_shade,0.9,no_shade,"The center of the image shows a building roof, and an adjacent open parking lot with painted stalls is visible in the context image, suggesting the charger is in the open parking area.",data-ev\data\images\primary\351598_primary_9e4229f8cb0a.png,data-ev\data\images\context\351598_context_9e4229f8cb0a.png
351651,ChargePoint Network,AL,uncertain,0.9,uncertain,"Both primary and context images are extremely blurry at the center, making it impossible to discern any specific overhead cover, texture, or structure.",data-ev\data\images\primary\351651_primary_dac5f8ed6804.png,data-ev\data\images\context\351651_context_dac5f8ed6804.png
351935,EV Connect,MA,no_shade,1.0,no_shade,"The center of both images clearly shows an open parking lot with visible pavement and parked cars, with no man-made overhead structure, solar panels, or garage covering the area.",data-ev\data\images\primary\351935_primary_883563ce1bfc.png,data-ev\data\images\context\351935_context_883563ce1bfc.png
354812,Blink Network,FL,no_shade,1.0,no_shade,"The center of both images clearly shows an open parking lot with visible pavement, parking lines, and parked cars, with no man-made structure overhead.",data-ev\data\images\primary\354812_primary_a834d6e38df8.png,data-ev\data\images\context\354812_context_a834d6e38df8.png
355050,Tesla,AZ,no_shade,1.0,no_shade,"The center of the image clearly shows an open parking lot with visible pavement and parking stall lines, indicating no man-made overhead cover.",data-ev\data\images\primary\355050_primary_e64f6afaba54.png,data-ev\data\images\context\355050_context_e64f6afaba54.png
355280,ChargePoint Network,CT,no_shade,1.0,no_shade,"The center of the image clearly shows an open parking lot with visible pavement and parked cars, with no man-made overhead structure directly above the presumed charger location.",data-ev\data\images\primary\355280_primary_c8b195bc4be9.png,data-ev\data\images\context\355280_context_c8b195bc4be9.png
355548,Tesla,CA,no_shade,1.0,no_shade,"The center of the image clearly shows an open parking lot with visible pavement, parking lines, and cars, with no man-made overhead structure.",data-ev\data\images\primary\355548_primary_9fffa687597d.png,data-ev\data\images\context\355548_context_9fffa687597d.png
355554,Tesla,WA,no_shade,1.0,no_shade,"The primary image clearly shows an open parking lot with visible cars and pavement at the center, with no man-made overhead structure or shade visible.",data-ev\data\images\primary\355554_primary_3fe827a21ff7.png,data-ev\data\images\context\355554_context_3fe827a21ff7.png
355584,ChargePoint Network,OH,no_shade,1.0,no_shade,"The charger is located in an open parking lot, directly above visible pavement and a parked car, with no man-made overhead structure or vegetation covering it.",data-ev\data\images\primary\355584_primary_13edd41f6c7e.png,data-ev\data\images\context\355584_context_13edd41f6c7e.png
355710,MERCEDES_BENZ,TX,no_shade,1.0,no_shade,"The center of both images clearly shows an open parking lot with visible pavement and parked cars, with no man-made overhead structure, canopy, or roof.",data-ev\data\images\primary\355710_primary_e5e3b627fbb2.png,data-ev\data\images\context\355710_context_e5e3b627fbb2.png
356064,Tesla,NY,no_shade,1.0,no_shade,"The center of both images clearly shows an open parking lot with visible white parking lines, indicating no overhead cover from any man-made structure or dense vegetation.",data-ev\data\images\primary\356064_primary_6f7bbdbe44e9.png,data-ev\data\images\context\356064_context_6f7bbdbe44e9.png
356177,APPLEGREEN,NY,uncertain,0.9,uncertain,"The images are very low resolution and the central area appears to be an active construction site with dirt and debris, making it impossible to discern any parking stalls or overhead cover.",data-ev\data\images\primary\356177_primary_33ae3a6afdbd.png,data-ev\data\images\context\356177_context_33ae3a6afdbd.png
356334,ROVE,CA,no_shade,0.9,no_shade,"The center of the image shows a large, flat building roof with no cars, and the context image reveals extensive open parking lots surrounding the building, indicating the charger is likely located in the adjacent open parking area.",data-ev\data\images\primary\356334_primary_b6df7a4bcb75.png,data-ev\data\images\context\356334_context_b6df7a4bcb75.png
357254,Blink Network,IL,no_shade,0.9,no_shade,"The center of the image shows a large, flat, featureless building roof with no cars or parking structures, indicating the charger is likely in the adjacent open parking lot which has no overhead cover.",data-ev\data\images\primary\357254_primary_5e6a44cf374c.png,data-ev\data\images\context\357254_context_5e6a44cf374c.png
357393,Electrify America,CA,no_shade,1.0,no_shade,"The center of the image clearly shows an open parking lot with visible pavement, parking lines, and parked cars, with no man-made overhead structure.",data-ev\data\images\primary\357393_primary_e84a43c24d37.png,data-ev\data\images\context\357393_context_e84a43c24d37.png
357478,ChargePoint Network,NM,no_shade,0.95,no_shade,"The center of both images clearly shows an open paved parking area with visible parking lines and no man-made overhead structure, canopy, or solar panels.",data-ev\data\images\primary\357478_primary_83fa9d938184.png,data-ev\data\images\context\357478_context_83fa9d938184.png
357822,EVPASSPORT,CA,no_shade,0.9,no_shade,"The center of the image shows an open, light-colored paved area, with no man-made overhead structure, only surrounding trees providing natural shade.",data-ev\data\images\primary\357822_primary_aeaef2976494.png,data-ev\data\images\context\357822_context_aeaef2976494.png
357850,ChargePoint Network,MO,no_shade,0.9,no_shade,"The images clearly show an open, paved parking area with visible stall lines and no man-made overhead structure directly above the center.",data-ev\data\images\primary\357850_primary_cdb453fab6df.png,data-ev\data\images\context\357850_context_cdb453fab6df.png
358418,FORD_CHARGE,TX,shade_structure,0.95,shade_structure,"The center of the image shows a row of uniform, light-colored, rectangular man-made canopies covering parking stalls, casting clear shadows, and lacking the grid texture of solar panels.",data-ev\data\images\primary\358418_primary_4d659e2289cd.png,data-ev\data\images\context\358418_context_4d659e2289cd.png
367608,eVgo Network,TX,in_garage,0.9,in_garage,"The center of the image shows a large, multi-level structure with alternating dark and light sections, consistent with the roof or upper level of a parking garage or deck.",data-ev\data\images\primary\367608_primary_693aec427140.png,data-ev\data\images\context\367608_context_693aec427140.png
367643,EV Connect,VT,no_shade,1.0,no_shade,"The center of the image clearly shows an open parking lot with visible pavement and parked cars, with no overhead man-made structure.",data-ev\data\images\primary\367643_primary_6537939c199b.png,data-ev\data\images\context\367643_context_6537939c199b.png
372113,BP_PULSE,FL,no_shade,1.0,no_shade,"The center of the image clearly shows open pavement with parking lines and parked cars, with no man-made overhead structure or roof visible.",data-ev\data\images\primary\372113_primary_b0b3e1be95bc.png,data-ev\data\images\context\372113_context_b0b3e1be95bc.png
372447,ChargePoint Network,CO,no_shade,0.9,no_shade,"The center of the image shows a building roof, but the charger is likely located in the adjacent open parking lot, which is exposed to the sky.",data-ev\data\images\primary\372447_primary_2e9b87bcccb3.png,data-ev\data\images\context\372447_context_2e9b87bcccb3.png
372488,Non-Networked,MA,no_shade,1.0,no_shade,"The center of both images shows dense, green, irregular tree canopy, with no visible man-made overhead cover such as a roof, solar panels, or parking structure.",data-ev\data\images\primary\372488_primary_f071db15a3ab.png,data-ev\data\images\context\372488_context_f071db15a3ab.png
372860,eVgo Network,TX,no_shade,1.0,no_shade,"The center of both images clearly shows an open, light-colored paved parking lot with visible stall markings, and no man-made overhead structure is present.",data-ev\data\images\primary\372860_primary_0cbf60e7bc87.png,data-ev\data\images\context\372860_context_0cbf60e7bc87.png
373114,eVgo Network,PA,no_shade,1.0,no_shade,"The center of the image shows an open parking lot and a grassy median with no man-made overhead structure, only open sky and some tree foliage.",data-ev\data\images\primary\373114_primary_911a3a781e80.png,data-ev\data\images\context\373114_context_911a3a781e80.png
374594,FCN,OK,no_shade,0.9,no_shade,"The charger is geocoded on a large, flat, featureless building roof, but adjacent open parking lots are visible in the context image, indicating the actual charger is likely in one of these unshaded areas.",data-ev\data\images\primary\374594_primary_fc32613499e0.png,data-ev\data\images\context\374594_context_fc32613499e0.png
374984,Tesla,NC,no_shade,1.0,no_shade,"The center of the image clearly shows an open parking lot with visible pavement, parking lines, and parked cars, indicating no overhead man-made cover.",data-ev\data\images\primary\374984_primary_83322c85e6de.png,data-ev\data\images\context\374984_context_83322c85e6de.png
375940,ChargePoint Network,LA,no_shade,1.0,no_shade,"The center of both images clearly shows an open parking lot with visible pavement and parked cars, with no man-made roof, canopy, or solar panels directly overhead.",data-ev\data\images\primary\375940_primary_97798d46c492.png,data-ev\data\images\context\375940_context_97798d46c492.png
376602,EVGATEWAY,KS,uncertain,0.9,uncertain,"The center of the image is dominated by a large rectangular patch of green grass, with no visible parking stalls, pavement, or man-made overhead structures, indicating a geocoding error for the charger's location.",data-ev\data\images\primary\376602_primary_fab749a3642d.png,data-ev\data\images\context\376602_context_fab749a3642d.png
383808,ChargePoint Network,CA,no_shade,1.0,no_shade,"The center of both images clearly shows an open parking lot with visible pavement, parking lines, and cars, with no man-made overhead structure.",data-ev\data\images\primary\383808_primary_ade93f47effb.png,data-ev\data\images\context\383808_context_ade93f47effb.png
386866,ChargePoint Network,NY,no_shade,1.0,no_shade,"The center of the image shows an open parking lot with visible pavement and parked cars, and the dark, irregular feature to the left is clearly vegetation (trees) which does not count as a man-made shade structure.",data-ev\data\images\primary\386866_primary_c207db94ce7e.png,data-ev\data\images\context\386866_context_c207db94ce7e.png
387059,ChargePoint Network,PA,no_shade,0.9,no_shade,"The center of the image shows a large, flat building roof with no cars, indicating the charger is likely in the adjacent open parking lot, which is exposed to the sky.",data-ev\data\images\primary\387059_primary_9742ede254d9.png,data-ev\data\images\context\387059_context_9742ede254d9.png
387120,Electrify America,UT,no_shade,1.0,no_shade,"The center of both images shows an open paved area with surrounding vegetation, indicating no man-made overhead cover directly above the charger.",data-ev\data\images\primary\387120_primary_841bed16733f.png,data-ev\data\images\context\387120_context_841bed16733f.png
387891,Blink Network,OH,no_shade,0.9,no_shade,"The images show a large, flat, featureless building roof at the center, with open parking lots surrounding the building, indicating the charger is likely in the adjacent open parking area.",data-ev\data\images\primary\387891_primary_1fddf80c2802.png,data-ev\data\images\context\387891_context_1fddf80c2802.png
388311,EV Connect,FL,no_shade,0.9,no_shade,"The center of the image shows a building roof, but the charger is likely in the adjacent open parking lot to the north, which is exposed to the sky.",data-ev\data\images\primary\388311_primary_ea59f0c1ae3f.png,data-ev\data\images\context\388311_context_ea59f0c1ae3f.png
389028,EVCS,CA,no_shade,0.9,no_shade,"The charger is located in an open parking lot adjacent to the building, with no overhead cover visible directly above the parking stalls.",data-ev\data\images\primary\389028_primary_b84bbfbbf13f.png,data-ev\data\images\context\389028_context_b84bbfbbf13f.png
389056,Blink Network,VA,no_shade,0.9,no_shade,"The center of both images clearly shows an open parking lot with parked cars and pavement, with no visible man-made overhead structure, canopy, or garage.",data-ev\data\images\primary\389056_primary_4b66287722d1.png,data-ev\data\images\context\389056_context_4b66287722d1.png
390426,FORD_CHARGE,GA,no_shade,0.9,no_shade,"The center of the image shows a large, flat, featureless building roof with no cars or parking stalls, indicating the charger is likely in the adjacent open parking lot.",data-ev\data\images\primary\390426_primary_b1c027bfc96b.png,data-ev\data\images\context\390426_context_b1c027bfc96b.png
390510,REVEL,CA,no_shade,0.8,no_shade,"The center of the image shows a building roof, but following the geocoding caveat, the charger is presumed to be in an adjacent open parking lot, which is visible and uncovered by any man-made structure.",data-ev\data\images\primary\390510_primary_5fca088a9831.png,data-ev\data\images\context\390510_context_5fca088a9831.png
390931,ChargePoint Network,NH,no_shade,1.0,no_shade,"The center of the image shows an open paved area with no man-made overhead structure, solar panels, or garage visible directly above it.",data-ev\data\images\primary\390931_primary_a8382b49f385.png,data-ev\data\images\context\390931_context_a8382b49f385.png
391118,RIVIAN_ADVENTURE,NC,no_shade,1.0,no_shade,"The center of both images clearly shows an open, paved parking area with no overhead man-made structure, only adjacent buildings and vegetation.",data-ev\data\images\primary\391118_primary_01f5cb45bb30.png,data-ev\data\images\context\391118_context_01f5cb45bb30.png
391170,RIVIAN_ADVENTURE,TN,no_shade,1.0,no_shade,"The center of the image clearly shows an open parking lot with visible pavement, parking lines, and parked vehicles, with no overhead man-made structure.",data-ev\data\images\primary\391170_primary_ae87dd416ff8.png,data-ev\data\images\context\391170_context_ae87dd416ff8.png
391225,RIVIAN_ADVENTURE,CA,no_shade,1.0,no_shade,"The center of both images clearly shows an open paved area, likely a road or parking, with no man-made structures or canopies overhead.",data-ev\data\images\primary\391225_primary_f40e6d032170.png,data-ev\data\images\context\391225_context_f40e6d032170.png
391716,ChargePoint Network,PA,no_shade,0.9,no_shade,"Although the image center shows a building roof with solar panels, the surrounding context reveals extensive open parking lots where the actual EV chargers would be located, consistent with the geocoding caveat for misaligned coordinates.",data-ev\data\images\primary\391716_primary_8fa0cde6d3e7.png,data-ev\data\images\context\391716_context_8fa0cde6d3e7.png
395880,Tesla,PA,uncertain,0.9,uncertain,"The images are very blurry and low resolution, showing only undeveloped land with no discernible parking stalls, man-made structures, or any features related to EV charging infrastructure at the center.",data-ev\data\images\primary\395880_primary_f3d9d3ce9b63.png,data-ev\data\images\context\395880_context_f3d9d3ce9b63.png
396970,RED_E,NC,no_shade,1.0,no_shade,"The center of both images clearly shows an open paved parking area with no man-made overhead structure, canopy, or building covering the spot.",data-ev\data\images\primary\396970_primary_010c8a09fd23.png,data-ev\data\images\context\396970_context_010c8a09fd23.png
397107,ChargePoint Network,IA,no_shade,1.0,no_shade,"The center of both images clearly shows an open parking lot with cars and pavement, with no man-made overhead structure, solar panels, or garage covering the stalls.",data-ev\data\images\primary\397107_primary_6203dcc896be.png,data-ev\data\images\context\397107_context_6203dcc896be.png
397441,CIRCLE_K,CO,shade_structure,0.9,shade_structure,"The center of the image is covered by a large, light-colored rectangular structure with visible structural lines and a clear shadow, indicating a man-made canopy or roof over the area.",data-ev\data\images\primary\397441_primary_01c567897c6f.png,data-ev\data\images\context\397441_context_01c567897c6f.png
397477,ChargePoint Network,AZ,no_shade,1.0,no_shade,"The center of the image clearly shows an open parking lot with visible pavement and parked cars, with no man-made overhead structure covering the stalls.",data-ev\data\images\primary\397477_primary_415c35ef3a51.png,data-ev\data\images\context\397477_context_415c35ef3a51.png
398340,ELECTRIC_ERA,FL,no_shade,1.0,no_shade,"Both images show a large, open, unpaved area of light-colored ground at the center, with no visible man-made structures, canopies, or roofs overhead.",data-ev\data\images\primary\398340_primary_174aa1db4e45.png,data-ev\data\images\context\398340_context_174aa1db4e45.png
398478,Tesla,MO,no_shade,0.9,no_shade,"The center of the image clearly shows open pavement and parked cars next to a building, with no man-made overhead structure directly covering the parking stalls.",data-ev\data\images\primary\398478_primary_2288f4e86477.png,data-ev\data\images\context\398478_context_2288f4e86477.png
400476,RED_E,MA,no_shade,1.0,no_shade,"The center of the image clearly shows an open parking stall with visible pavement and parking lines, indicating no man-made overhead cover.",data-ev\data\images\primary\400476_primary_01ed91f1993a.png,data-ev\data\images\context\400476_context_01ed91f1993a.png
404645,ChargePoint Network,CA,no_shade,0.9,no_shade,"The center of both images displays an open, unpaved, brownish area with no visible overhead structures, canopies, or parking stalls.",data-ev\data\images\primary\404645_primary_f8456d6341d9.png,data-ev\data\images\context\404645_context_f8456d6341d9.png
405370,eVgo Network,CO,no_shade,1.0,no_shade,"The center of both images clearly shows an open parking lot with visible pavement and parked cars, with no man-made overhead structure, canopy, or roof directly above the charger location.",data-ev\data\images\primary\405370_primary_7a42b0ebea97.png,data-ev\data\images\context\405370_context_7a42b0ebea97.png
405833,CHAEVI,AL,uncertain,1.0,uncertain,"The primary image is extremely blurry and pixelated, making it impossible to discern any features of an overhead cover or parking stall at the center.",data-ev\data\images\primary\405833_primary_e6cb9017fa9f.png,data-ev\data\images\context\405833_context_e6cb9017fa9f.png
416540,ChargePoint Network,IA,no_shade,1.0,no_shade,"The center of the image clearly shows an open parking lot with visible pavement and parked cars, with no man-made overhead structure, canopy, or building covering the area.",data-ev\data\images\primary\416540_primary_c15e1e86da34.png,data-ev\data\images\context\416540_context_c15e1e86da34.png
416621,ChargePoint Network,NC,no_shade,1.0,no_shade,"The center of both images clearly shows an open parking lot with visible pavement and parked cars, with no man-made structures overhead.",data-ev\data\images\primary\416621_primary_0ba60e462c37.png,data-ev\data\images\context\416621_context_0ba60e462c37.png
416876,FORD_CHARGE,MI,no_shade,1.0,no_shade,"The center of both images clearly shows an open parking lot with visible pavement and parking lines, with no overhead structure present.",data-ev\data\images\primary\416876_primary_6f1a1d502429.png,data-ev\data\images\context\416876_context_6f1a1d502429.png
418068,KWIK_CHARGE,WI,shade_structure,0.9,shade_structure,"The center of the image shows a dark, uniform, rectangular structure casting a clear shadow, consistent with a man-made canopy or roof over a parking area.",data-ev\data\images\primary\418068_primary_2f85553325a8.png,data-ev\data\images\context\418068_context_2f85553325a8.png
420721,NOODOE,IL,no_shade,1.0,no_shade,"The charger is located in the middle of an open grassy field, with no man-made overhead cover visible in either the primary or context images.",data-ev\data\images\primary\420721_primary_852ff6bd1d06.png,data-ev\data\images\context\420721_context_852ff6bd1d06.png
420905,OpConnect,WA,shade_structure,1.0,shade_structure,"The center of the image shows a uniform, light gray, rectangular roof structure casting a clear, straight-edged shadow over what appears to be a parking area, indicating a man-made canopy.",data-ev\data\images\primary\420905_primary_fbf1a6014471.png,data-ev\data\images\context\420905_context_fbf1a6014471.png
420932,Non-Networked,CA,no_shade,1.0,no_shade,"The center of both images clearly shows an open parking lot with visible pavement and parked cars, with no overhead man-made structure or roof.",data-ev\data\images\primary\420932_primary_d222d3a7d9c7.png,data-ev\data\images\context\420932_context_d222d3a7d9c7.png
421061,EVOKE,NJ,no_shade,1.0,no_shade,"The center of the image shows an open parking lot with visible pavement and parked cars, with no man-made overhead structure, canopy, or garage covering the area.",data-ev\data\images\primary\421061_primary_7595d9101a88.png,data-ev\data\images\context\421061_context_7595d9101a88.png
421226,ChargePoint Network,CA,in_garage,0.9,in_garage,"The center of the image shows a large, flat, gray rooftop with faint parking lines, which the wider context confirms is the top level of a multi-story parking structure.",data-ev\data\images\primary\421226_primary_e1d3395362b6.png,data-ev\data\images\context\421226_context_e1d3395362b6.png
421304,Tesla,WA,no_shade,1.0,no_shade,"The center of both images clearly shows an open parking lot with visible pavement and parking lines, with no man-made overhead structure covering the stalls.",data-ev\data\images\primary\421304_primary_c920ea4e0aa7.png,data-ev\data\images\context\421304_context_c920ea4e0aa7.png
422109,FORD_CHARGE,MI,no_shade,0.9,no_shade,"The charger coordinates are centered on a large, flat, featureless building roof, indicating the actual charger is likely in the adjacent open parking lot which has no overhead cover.",data-ev\data\images\primary\422109_primary_dbec17f3ef43.png,data-ev\data\images\context\422109_context_dbec17f3ef43.png
422166,Electrify America,NY,no_shade,1.0,no_shade,"The center of both images clearly shows a paved road with painted lines, indicating an open-air location with no overhead man-made cover.",data-ev\data\images\primary\422166_primary_acefc0389670.png,data-ev\data\images\context\422166_context_acefc0389670.png
422242,GO_TO_U,CA,no_shade,0.9,no_shade,"The center of the image shows a building roof, but the surrounding context reveals a large open parking lot adjacent to the building, suggesting the charger is located there and is open to the sky.",data-ev\data\images\primary\422242_primary_03115be7c22a.png,data-ev\data\images\context\422242_context_03115be7c22a.png
422461,ChargePoint Network,WY,no_shade,1.0,no_shade,"The center of both images clearly shows an open, dark gray paved parking area with some green landscaping, indicating no man-made overhead cover.",data-ev\data\images\primary\422461_primary_333d12a6210b.png,data-ev\data\images\context\422461_context_333d12a6210b.png
422596,RED_E,IL,no_shade,1.0,no_shade,"The center of the image clearly shows open parking stalls with painted lines and parked cars, with no visible man-made overhead structure.",data-ev\data\images\primary\422596_primary_b14a5af3dd67.png,data-ev\data\images\context\422596_context_b14a5af3dd67.png
428483,eVgo Network,CA,no_shade,0.9,no_shade,"The center of both images clearly shows an open road with no overhead structures, indicating the charging stall is open to the sky.",data-ev\data\images\primary\428483_primary_608ad7b95d56.png,data-ev\data\images\context\428483_context_608ad7b95d56.png
429748,FLIPTURN,SD,uncertain,0.9,uncertain,"The center of the image shows a flat, featureless building roof with no cars or parking stalls, indicating the charger's actual location is likely misgeocoded and not clearly visible in the surrounding area.",data-ev\data\images\primary\429748_primary_413428f0035b.png,data-ev\data\images\context\429748_context_413428f0035b.png
430835,Tesla,CO,no_shade,1.0,no_shade,"The center of both images clearly shows an open parking lot with visible pavement, parking lines, and parked cars, with no man-made overhead structure.",data-ev\data\images\primary\430835_primary_a7d6c2a51fcc.png,data-ev\data\images\context\430835_context_a7d6c2a51fcc.png
434979,ChargePoint Network,UT,no_shade,1.0,no_shade,"The center of the image clearly shows an open parking lot with visible pavement and parked cars, with no man-made overhead structure or vegetation providing cover.",data-ev\data\images\primary\434979_primary_ce2a8b001630.png,data-ev\data\images\context\434979_context_ce2a8b001630.png
439000,ENVIROSPARK,GA,uncertain,0.9,uncertain,"The center of both images shows a large, dark building roof with no visible parking stalls or cars, indicating the charger's actual location is likely misgeocoded onto the building rather than its parking stall.",data-ev\data\images\primary\439000_primary_08612ac10346.png,data-ev\data\images\context\439000_context_08612ac10346.png
440882,TURNONGREEN,NV,no_shade,0.9,no_shade,"The center of the image is on a building roof, not a parking deck, and a large open parking lot is visible adjacent to the building in the context image, indicating the charger is likely in the open lot.",data-ev\data\images\primary\440882_primary_414c821bbdd8.png,data-ev\data\images\context\440882_context_414c821bbdd8.png
445719,ChargePoint Network,MA,no_shade,1.0,no_shade,"The center of the image clearly shows open parking stalls with white lines on pavement, with no visible overhead man-made structure, canopy, or roof.",data-ev\data\images\primary\445719_primary_f49790a8cf70.png,data-ev\data\images\context\445719_context_f49790a8cf70.png
445753,Tesla,FL,no_shade,1.0,no_shade,"The center of the image clearly shows an open parking lot with visible pavement, parking lines, and parked cars, with no man-made overhead structure.",data-ev\data\images\primary\445753_primary_45912f78975a.png,data-ev\data\images\context\445753_context_45912f78975a.png
445846,IONNA,NV,no_shade,1.0,no_shade,"The center of the image clearly shows an open parking lot with visible pavement and parking lines, with no man-made overhead structure directly above the charger location.",data-ev\data\images\primary\445846_primary_05665ccf8c03.png,data-ev\data\images\context\445846_context_05665ccf8c03.png
446489,EVXY,IL,no_shade,1.0,no_shade,"The center of the image shows an open road intersection and adjacent parking lot, with no man-made overhead structure visible.",data-ev\data\images\primary\446489_primary_f3f6fde3047e.png,data-ev\data\images\context\446489_context_f3f6fde3047e.png
447225,ONPOINT_EV_SOLUTIONS,TX,no_shade,0.7,no_shade,"The extremely blurry images show a flat, light-colored surface with faint white markings at the center, but no discernible overhead structure, canopy, or garage.",data-ev\data\images\primary\447225_primary_23e148e947f0.png,data-ev\data\images\context\447225_context_23e148e947f0.png
448175,UNIVERSAL,IL,no_shade,0.9,no_shade,"The center of the image shows a large building roof, but the surrounding context clearly indicates open parking lots, suggesting the charger is located in an adjacent uncovered parking stall.",data-ev\data\images\primary\448175_primary_c72934189975.png,data-ev\data\images\context\448175_context_c72934189975.png
448244,ChargePoint Network,OH,no_shade,1.0,no_shade,"The center of the image clearly shows open parking stalls on bare pavement, with no man-made overhead structure visible.",data-ev\data\images\primary\448244_primary_23f4f2faba95.png,data-ev\data\images\context\448244_context_23f4f2faba95.png
448466,IONNA,IL,no_shade,1.0,no_shade,"The central area of the image clearly shows open pavement and parking lines, with no man-made overhead structure covering the parking stalls.",data-ev\data\images\primary\448466_primary_99c0a5f74f55.png,data-ev\data\images\context\448466_context_99c0a5f74f55.png
448537,eVgo Network,CA,no_shade,1.0,no_shade,"The center of both images clearly shows an open parking lot with visible pavement and parked cars, indicating no overhead cover.",data-ev\data\images\primary\448537_primary_18cc6e769754.png,data-ev\data\images\context\448537_context_18cc6e769754.png
448757,Tesla,NY,no_shade,1.0,no_shade,"The center of both images clearly shows an open parking lot with visible parking lines and cars, with no overhead man-made structure, solar panels, or garage covering the area.",data-ev\data\images\primary\448757_primary_e19ab810a754.png,data-ev\data\images\context\448757_context_e19ab810a754.png
449015,ChargePoint Network,TN,no_shade,0.9,no_shade,"The center of both images shows an open road or path with no visible man-made overhead structure, only open sky above.",data-ev\data\images\primary\449015_primary_00d13ec1112c.png,data-ev\data\images\context\449015_context_00d13ec1112c.png
449019,ChargePoint Network,TN,no_shade,1.0,no_shade,"The center of both images clearly shows an open, unpaved area with no visible overhead structures, canopies, or roofs.",data-ev\data\images\primary\449019_primary_2c7a827d291b.png,data-ev\data\images\context\449019_context_2c7a827d291b.png
449029,ChargePoint Network,CA,no_shade,1.0,no_shade,"The center of both images shows an open, unpaved, dirt-like area with no visible man-made structures or overhead cover.",data-ev\data\images\primary\449029_primary_18cc79e9a017.png,data-ev\data\images\context\449029_context_18cc79e9a017.png
449115,US_SUPERCHARGE,FL,no_shade,1.0,no_shade,"The center of both images clearly shows an open, paved area with no overhead man-made structures, canopies, or solar panels.",data-ev\data\images\primary\449115_primary_5dc26f75d3c1.png,data-ev\data\images\context\449115_context_5dc26f75d3c1.png
449142,ChargePoint Network,CA,no_shade,1.0,no_shade,"The center of both images clearly shows an open paved area with no man-made overhead structures, only bare pavement and some small vegetation.",data-ev\data\images\primary\449142_primary_1e0db3bb5d82.png,data-ev\data\images\context\449142_context_1e0db3bb5d82.png
449185,Tesla,MA,no_shade,1.0,no_shade,"The center of both images clearly shows an open parking stall with visible pavement and parking lines, and no man-made overhead structure.",data-ev\data\images\primary\449185_primary_fa5ab5078b87.png,data-ev\data\images\context\449185_context_fa5ab5078b87.png
449611,JULE,ME,no_shade,0.9,no_shade,"The center of the image shows a building roof with no cars or parking stalls, indicating the charger coordinate is likely misplaced, and the actual charging stalls are in the adjacent open parking lot visible in the context image.",data-ev\data\images\primary\449611_primary_6067b44e6307.png,data-ev\data\images\context\449611_context_6067b44e6307.png
449649,SHELL_RECHARGE,IL,no_shade,0.9,no_shade,"The center of the image shows the flat, light-colored roof of a large building, which is not a parking deck, and the actual charging stalls are presumed to be in the adjacent open parking lot.",data-ev\data\images\primary\449649_primary_d84e205b4ff3.png,data-ev\data\images\context\449649_context_d84e205b4ff3.png
449773,FLO,AL,no_shade,0.9,no_shade,"The center of the image is a large, white, featureless building roof, and the actual charging stalls are presumed to be in the adjacent open parking lot which has no overhead cover.",data-ev\data\images\primary\449773_primary_5c3ec32eb0e7.png,data-ev\data\images\context\449773_context_5c3ec32eb0e7.png
450155,DIRT_ROAD,CA,no_shade,1.0,no_shade,"The center of both images clearly shows an open paved area, likely a road or parking lot, with no visible man-made overhead structures or canopies.",data-ev\data\images\primary\450155_primary_fb59956b18b2.png,data-ev\data\images\context\450155_context_fb59956b18b2.png
450434,WALMART,GA,no_shade,0.9,no_shade,"The center of both images shows an open, light-colored paved area, consistent with a parking lot, with no visible overhead structure, canopy, or building.",data-ev\data\images\primary\450434_primary_1223fb4d2211.png,data-ev\data\images\context\450434_context_1223fb4d2211.png
450498,STAY_N_CHARGE,ME,no_shade,1.0,no_shade,"The center of the image clearly shows an open parking lot with cars and pavement, with no visible man-made overhead structure, solar panels, or garage covering the area.",data-ev\data\images\primary\450498_primary_8d0f7067d750.png,data-ev\data\images\context\450498_context_8d0f7067d750.png
451116,RED_E,VT,no_shade,1.0,no_shade,"The center of both images clearly shows an open parking lot with visible pavement and parked cars, with no man-made overhead structure, solar panels, or garage covering the area.",data-ev\data\images\primary\451116_primary_cb602f2810f5.png,data-ev\data\images\context\451116_context_cb602f2810f5.png
451616,EVIUM,IL,no_shade,0.9,no_shade,"The center of the image is on a large, dark, featureless building roof, not a parking deck, with an open parking lot visible adjacent to it where the charger would likely be located.",data-ev\data\images\primary\451616_primary_908ad88ce626.png,data-ev\data\images\context\451616_context_908ad88ce626.png
451703,FPLEV,FL,no_shade,1.0,no_shade,"The center of the image clearly shows an open parking lot with visible pavement and parking lines, with no man-made overhead structure, solar panels, or garage covering the area.",data-ev\data\images\primary\451703_primary_3f69c529201d.png,data-ev\data\images\context\451703_context_3f69c529201d.png
451709,FPLEV,FL,no_shade,1.0,no_shade,"The center of both images clearly shows an open parking lot with visible parking stalls and cars, with no man-made overhead structure, canopy, or garage covering the area.",data-ev\data\images\primary\451709_primary_6dd106726c28.png,data-ev\data\images\context\451709_context_6dd106726c28.png
452492,SYNERGEV,TX,no_shade,0.9,no_shade,"The center of both images shows an open, light-colored parking lot with visible parked cars and no discernible overhead man-made structure.",data-ev\data\images\primary\452492_primary_697c6d267997.png,data-ev\data\images\context\452492_context_697c6d267997.png
454188,eVgo Network,WA,shade_solar_pv,0.95,shade_solar_pv,"The center of the image shows a long, rectangular canopy over a parking area, which clearly displays a dark, grid-like pattern indicative of solar photovoltaic panels.",data-ev\data\images\primary\454188_primary_39aea94087d0.png,data-ev\data\images\context\454188_context_39aea94087d0.png
455098,INTERTIE,CA,no_shade,0.9,no_shade,"The center of the image shows a large building roof with distinct lines, not a parking area, and the context image reveals open parking lots surrounding the building, indicating the charger is likely mis-geocoded and located in an adjacent open-air parking stall.",data-ev\data\images\primary\455098_primary_868a70c30a7b.png,data-ev\data\images\context\455098_context_868a70c30a7b.png
455783,RACETRAC,TX,no_shade,1.0,no_shade,"The center of both images clearly shows an open, paved parking area with no visible overhead man-made structure, canopy, or solar panels.",data-ev\data\images\primary\455783_primary_4060bc91ae08.png,data-ev\data\images\context\455783_context_4060bc91ae08.png
