station_id,station_name,state,ev_network,primary_path,context_path,label
311387,DeYarman Knoxville,IA,Blink Network,data-ev\data\images\primary\311387_primary_7440e66e0bd3.png,data-ev\data\images\context\311387_context_7440e66e0bd3.png,
149367,Meijer - Tesla Supercharger,IN,Tesla,data-ev\data\images\primary\149367_primary_39e8ac7b66fe.png,data-ev\data\images\context\149367_context_39e8ac7b66fe.png,
422166,EVolve NY Phelps,NY,Electrify America,data-ev\data\images\primary\422166_primary_acefc0389670.png,data-ev\data\images\context\422166_context_acefc0389670.png,
356064,Dandy Mini Mart - Tesla Supercharger,NY,Tesla,data-ev\data\images\primary\356064_primary_6f7bbdbe44e9.png,data-ev\data\images\context\356064_context_6f7bbdbe44e9.png,
322766,WCH POWER 1 WEIRDC1,CA,ChargePoint Network,data-ev\data\images\primary\322766_primary_307079e506a6.png,data-ev\data\images\context\322766_context_307079e506a6.png,
367608,Flying J 730,TX,eVgo Network,data-ev\data\images\primary\367608_primary_693aec427140.png,data-ev\data\images\context\367608_context_693aec427140.png,
228289,BevMo!,CA,eVgo Network,data-ev\data\images\primary\228289_primary_6be62cf3067a.png,data-ev\data\images\context\228289_context_6be62cf3067a.png,
350559,Gravity Charging Center,NY,GRAVITY_CHARGING_CENTER,data-ev\data\images\primary\350559_primary_d179059d3d76.png,data-ev\data\images\context\350559_context_d179059d3d76.png,
372447,GPM INVESTMENTS 4588 DC 2,CO,ChargePoint Network,data-ev\data\images\primary\372447_primary_2e9b87bcccb3.png,data-ev\data\images\context\372447_context_2e9b87bcccb3.png,
355710,MB BUCEES FORT WORTH 7-8,TX,MERCEDES_BENZ,data-ev\data\images\primary\355710_primary_e5e3b627fbb2.png,data-ev\data\images\context\355710_context_e5e3b627fbb2.png,
327206,38351 PWR MGMT 38351 CMRCE PL1,CO,ChargePoint Network,data-ev\data\images\primary\327206_primary_a82c0639639b.png,data-ev\data\images\context\327206_context_a82c0639639b.png,
228801,Stone Mountain Square,GA,eVgo Network,data-ev\data\images\primary\228801_primary_8ea74a725a95.png,data-ev\data\images\context\228801_context_8ea74a725a95.png,
451703,Lake Minnie Plaza,FL,FPLEV,data-ev\data\images\primary\451703_primary_3f69c529201d.png,data-ev\data\images\context\451703_context_3f69c529201d.png,
164000,Meijer - Tesla Supercharger,KY,Tesla,data-ev\data\images\primary\164000_primary_4b794887d481.png,data-ev\data\images\context\164000_context_4b794887d481.png,
372113,"Thorntons, Gunn Hwy, Tampa, FL",FL,BP_PULSE,data-ev\data\images\primary\372113_primary_b0b3e1be95bc.png,data-ev\data\images\context\372113_context_b0b3e1be95bc.png,
102183,Applebee's - Tesla Supercharger,KS,Tesla,data-ev\data\images\primary\102183_primary_e817556ca3b5.png,data-ev\data\images\context\102183_context_e817556ca3b5.png,
170526,Shell Gas Station/BJ's - Tesla Supercharger,WA,Tesla,data-ev\data\images\primary\170526_primary_ae738f010550.png,data-ev\data\images\context\170526_context_ae738f010550.png,
63047,LA County ISD Walt Disney Parking Garage P3,CA,POWERFLEX,data-ev\data\images\primary\63047_primary_dca1b73b4989.png,data-ev\data\images\context\63047_context_dca1b73b4989.png,
320135,"Port Deposit, MD - Tesla Supercharger",MD,Tesla,data-ev\data\images\primary\320135_primary_17e1d8462b1e.png,data-ev\data\images\context\320135_context_17e1d8462b1e.png,
449142,IN-N-OUT ATLANTIC 01,CA,ChargePoint Network,data-ev\data\images\primary\449142_primary_1e0db3bb5d82.png,data-ev\data\images\context\449142_context_1e0db3bb5d82.png,
351935,625 Pleasant St,MA,EV Connect,data-ev\data\images\primary\351935_primary_883563ce1bfc.png,data-ev\data\images\context\351935_context_883563ce1bfc.png,
259768,375 RT17 PARAMUS DC LT,NJ,ChargePoint Network,data-ev\data\images\primary\259768_primary_d8cb92440c82.png,data-ev\data\images\context\259768_context_d8cb92440c82.png,
322657,COCHRANAUTO BTL SUBR L3,PA,ChargePoint Network,data-ev\data\images\primary\322657_primary_aeb0120bced8.png,data-ev\data\images\context\322657_context_aeb0120bced8.png,
261462,"Arlington, TX - East Bardin Road - Tesla Supercharger",TX,Tesla,data-ev\data\images\primary\261462_primary_0476df115fe9.png,data-ev\data\images\context\261462_context_0476df115fe9.png,
197707,RED BEAR STATION 1,NC,ChargePoint Network,data-ev\data\images\primary\197707_primary_18417ca2eff2.png,data-ev\data\images\context\197707_context_18417ca2eff2.png,
450155,SDSU River Park Chargers,CA,DIRT_ROAD,data-ev\data\images\primary\450155_primary_fb59956b18b2.png,data-ev\data\images\context\450155_context_fb59956b18b2.png,
250554,TRUCK.NET TRUCK.NET #2,CA,ChargePoint Network,data-ev\data\images\primary\250554_primary_072e61e68a40.png,data-ev\data\images\context\250554_context_072e61e68a40.png,
298646,Washington Plaza,CO,GRAVITI_ENERGY,data-ev\data\images\primary\298646_primary_7772cdbe6b4a.png,data-ev\data\images\context\298646_context_7772cdbe6b4a.png,
454188,Flying J Travel Center 1169,WA,eVgo Network,data-ev\data\images\primary\454188_primary_39aea94087d0.png,data-ev\data\images\context\454188_context_39aea94087d0.png,
367643,Springfield Cadillac,VT,EV Connect,data-ev\data\images\primary\367643_primary_6537939c199b.png,data-ev\data\images\context\367643_context_6537939c199b.png,
122292,Meijer - Tesla Supercharger,MI,Tesla,data-ev\data\images\primary\122292_primary_c957ca36c6c3.png,data-ev\data\images\context\122292_context_c957ca36c6c3.png,
390510,Revel Mission District,CA,REVEL,data-ev\data\images\primary\390510_primary_5fca088a9831.png,data-ev\data\images\context\390510_context_5fca088a9831.png,
420932,W.L.K.S.T. Partners,CA,Non-Networked,data-ev\data\images\primary\420932_primary_d222d3a7d9c7.png,data-ev\data\images\context\420932_context_d222d3a7d9c7.png,
397107,L195 LVL 3 EXPP 1,IA,ChargePoint Network,data-ev\data\images\primary\397107_primary_6203dcc896be.png,data-ev\data\images\context\397107_context_6203dcc896be.png,
326025,BRANDFON HYUN STATION 2,CT,ChargePoint Network,data-ev\data\images\primary\326025_primary_600346b9a3f9.png,data-ev\data\images\context\326025_context_600346b9a3f9.png,
150207,QuickChek - Tesla Supercharger,NY,Tesla,data-ev\data\images\primary\150207_primary_99d06a1a3905.png,data-ev\data\images\context\150207_context_99d06a1a3905.png,
183302,META MPK22-01 FC,CA,ChargePoint Network,data-ev\data\images\primary\183302_primary_c356cf4fee46.png,data-ev\data\images\context\183302_context_c356cf4fee46.png,
355584,JEFF WYLER EXPR PLUS PL,OH,ChargePoint Network,data-ev\data\images\primary\355584_primary_13edd41f6c7e.png,data-ev\data\images\context\355584_context_13edd41f6c7e.png,
228088,Menifee Town Center,CA,eVgo Network,data-ev\data\images\primary\228088_primary_a0f202d08935.png,data-ev\data\images\context\228088_context_a0f202d08935.png,
201423,"Kroger Fred Meyer 691 (Gig Harbor, WA)",WA,Electrify America,data-ev\data\images\primary\201423_primary_b2df9e8440f6.png,data-ev\data\images\context\201423_context_b2df9e8440f6.png,
351500,DT&P HOBOKEN DC2,NJ,ChargePoint Network,data-ev\data\images\primary\351500_primary_a086558fe313.png,data-ev\data\images\context\351500_context_a086558fe313.png,
397441,"CircleK - Monument, CO",CO,CIRCLE_K,data-ev\data\images\primary\397441_primary_01c567897c6f.png,data-ev\data\images\context\397441_context_01c567897c6f.png,
386866,WEST HERR AUTO WH FW L3-1 EXPP,NY,ChargePoint Network,data-ev\data\images\primary\386866_primary_c207db94ce7e.png,data-ev\data\images\context\386866_context_c207db94ce7e.png,
374594,Joe Cooper Dodge of Yukon,OK,FCN,data-ev\data\images\primary\374594_primary_fc32613499e0.png,data-ev\data\images\context\374594_context_fc32613499e0.png,
171386,VIKING GROCERY VIKING 1,MI,ChargePoint Network,data-ev\data\images\primary\171386_primary_f0528edf8f2e.png,data-ev\data\images\context\171386_context_f0528edf8f2e.png,
192698,EVsmart - BGE - Hargrove DC - MCS,MD,SWTCH,data-ev\data\images\primary\192698_primary_a1405d311f45.png,data-ev\data\images\context\192698_context_a1405d311f45.png,
302972,Meijer - Tesla Supercharger,IN,Tesla,data-ev\data\images\primary\302972_primary_e10f87459de0.png,data-ev\data\images\context\302972_context_e10f87459de0.png,
102431,The Hill Shopping Center - Tesla Supercharger,TX,Tesla,data-ev\data\images\primary\102431_primary_c8c6a94f37ae.png,data-ev\data\images\context\102431_context_c8c6a94f37ae.png,
375940,FRT FAST CHARGE FRONT #2,LA,ChargePoint Network,data-ev\data\images\primary\375940_primary_97798d46c492.png,data-ev\data\images\context\375940_context_97798d46c492.png,
168275,Pride Stores - Tesla Supercharger,CT,Tesla,data-ev\data\images\primary\168275_primary_98aa4cb82419.png,data-ev\data\images\context\168275_context_98aa4cb82419.png,
348906,Major Market Inc,NM,LOOP,data-ev\data\images\primary\348906_primary_7c9db499ad3a.png,data-ev\data\images\context\348906_context_7c9db499ad3a.png,
223594,76,CA,Non-Networked,data-ev\data\images\primary\223594_primary_e9cc381fd99c.png,data-ev\data\images\context\223594_context_e9cc381fd99c.png,
303763,KEELER STATION 8,NY,ChargePoint Network,data-ev\data\images\primary\303763_primary_041f7e26fc36.png,data-ev\data\images\context\303763_context_041f7e26fc36.png,
328206,Ford of Greenfield,MA,Blink Network,data-ev\data\images\primary\328206_primary_78f210cc6881.png,data-ev\data\images\context\328206_context_78f210cc6881.png,
190414,"Walmart 1697 (Elk Grove, CA)",CA,Electrify America,data-ev\data\images\primary\190414_primary_f9734c4e2f66.png,data-ev\data\images\context\190414_context_f9734c4e2f66.png,
373114,Roosevelt Mall,PA,eVgo Network,data-ev\data\images\primary\373114_primary_911a3a781e80.png,data-ev\data\images\context\373114_context_911a3a781e80.png,
143939,Avista - Gonzaga School of Law DCFC,WA,FLO,data-ev\data\images\primary\143939_primary_b67be176fd91.png,data-ev\data\images\context\143939_context_b67be176fd91.png,
440882,Boulder City Police Department,NV,TURNONGREEN,data-ev\data\images\primary\440882_primary_414c821bbdd8.png,data-ev\data\images\context\440882_context_414c821bbdd8.png,
445719,CUMB FARMS EV POINT 6786-2,MA,ChargePoint Network,data-ev\data\images\primary\445719_primary_f49790a8cf70.png,data-ev\data\images\context\445719_context_f49790a8cf70.png,
199137,BDO PUBLIC BENNETT DC2,CO,ChargePoint Network,data-ev\data\images\primary\199137_primary_0047d86aa0d1.png,data-ev\data\images\context\199137_context_0047d86aa0d1.png,
171479,"Bank of America GA7-634 (Woodstock, GA)",GA,Electrify America,data-ev\data\images\primary\171479_primary_68875e396edf.png,data-ev\data\images\context\171479_context_68875e396edf.png,
447225,Sugarland Regional Airport,TX,ONPOINT_EV_SOLUTIONS,data-ev\data\images\primary\447225_primary_23e148e947f0.png,data-ev\data\images\context\447225_context_23e148e947f0.png,
355050,Burger King - Tesla Supercharger,AZ,Tesla,data-ev\data\images\primary\355050_primary_e64f6afaba54.png,data-ev\data\images\context\355050_context_e64f6afaba54.png,
349064,RC Lacy Ford,NY,CHARGESMART_EV,data-ev\data\images\primary\349064_primary_02cf722cec5a.png,data-ev\data\images\context\349064_context_02cf722cec5a.png,
152450,"Green Acres Mall (Valley Stream, NY)",NY,Electrify America,data-ev\data\images\primary\152450_primary_37be0cf5bb2f.png,data-ev\data\images\context\152450_context_37be0cf5bb2f.png,
279410,"Kroger Fred Meyer 195 (Medford, OR)",OR,Electrify America,data-ev\data\images\primary\279410_primary_97c162e43b71.png,data-ev\data\images\context\279410_context_97c162e43b71.png,
351447,Cronin CDJR,OH,Blink Network,data-ev\data\images\primary\351447_primary_8a44bc6770f1.png,data-ev\data\images\context\351447_context_8a44bc6770f1.png,
321181,Hansen Motor Company,UT,Blink Network,data-ev\data\images\primary\321181_primary_cdcdfd074ce2.png,data-ev\data\images\context\321181_context_cdcdfd074ce2.png,
388311,Florida Cracker Cook Shack,FL,EV Connect,data-ev\data\images\primary\388311_primary_ea59f0c1ae3f.png,data-ev\data\images\context\388311_context_ea59f0c1ae3f.png,
416621,HUNTERSVILLEFRD LEVEL3 CHARGER1,NC,ChargePoint Network,data-ev\data\images\primary\416621_primary_0ba60e462c37.png,data-ev\data\images\context\416621_context_0ba60e462c37.png,
405833,Audi of Birmingham,AL,CHAEVI,data-ev\data\images\primary\405833_primary_e6cb9017fa9f.png,data-ev\data\images\context\405833_context_e6cb9017fa9f.png,
237066,Jordan Downs,CA,EVCS,data-ev\data\images\primary\237066_primary_c6914b4ff0fc.png,data-ev\data\images\context\237066_context_c6914b4ff0fc.png,
101980,Carl's Jr. - Sundance Towne Center - Tesla Supercharger,AZ,Tesla,data-ev\data\images\primary\101980_primary_0ecf89218e03.png,data-ev\data\images\context\101980_context_0ecf89218e03.png,
197954,PIEDMONT EMC CARRBORO PLAZA,NC,ChargePoint Network,data-ev\data\images\primary\197954_primary_615f08ea4e99.png,data-ev\data\images\context\197954_context_615f08ea4e99.png,
199062,Hampton Inn & Suites Sacramento Cal Expo,CA,EVCS,data-ev\data\images\primary\199062_primary_b7b7ff939e90.png,data-ev\data\images\context\199062_context_b7b7ff939e90.png,
448757,Popeyes - Tesla Supercharger,NY,Tesla,data-ev\data\images\primary\448757_primary_e19ab810a754.png,data-ev\data\images\context\448757_context_e19ab810a754.png,
49900,Bridgewater Nissan,NJ,Non-Networked,data-ev\data\images\primary\49900_primary_4c092ae9b3dc.png,data-ev\data\images\context\49900_context_4c092ae9b3dc.png,
332767,WCEH McMinnville,OR,EVCS,data-ev\data\images\primary\332767_primary_bb5a8d6b8ea5.png,data-ev\data\images\context\332767_context_bb5a8d6b8ea5.png,
102408,Range Country Lodging - Tesla Supercharger,SD,Tesla,data-ev\data\images\primary\102408_primary_173d0778e58e.png,data-ev\data\images\context\102408_context_173d0778e58e.png,
396970,FasCharge 17385 Market Express Shell Charlotte,NC,RED_E,data-ev\data\images\primary\396970_primary_010c8a09fd23.png,data-ev\data\images\context\396970_context_010c8a09fd23.png,
331048,Rohnert Parl Taco Bell,CA,CHARGENET,data-ev\data\images\primary\331048_primary_655da68d04c0.png,data-ev\data\images\context\331048_context_655da68d04c0.png,
451616,433 W Van Buren St,IL,EVIUM,data-ev\data\images\primary\451616_primary_908ad88ce626.png,data-ev\data\images\context\451616_context_908ad88ce626.png,
372860,Pilot Flying J - 1354,TX,eVgo Network,data-ev\data\images\primary\372860_primary_0cbf60e7bc87.png,data-ev\data\images\context\372860_context_0cbf60e7bc87.png,
220760,PIE AE SEAHOLM DC8,TX,ChargePoint Network,data-ev\data\images\primary\220760_primary_b7511fa079e0.png,data-ev\data\images\context\220760_context_b7511fa079e0.png,
449611,Miss Portland Diner,ME,JULE,data-ev\data\images\primary\449611_primary_6067b44e6307.png,data-ev\data\images\context\449611_context_6067b44e6307.png,
228422,Centre on Seventeenth,CA,eVgo Network,data-ev\data\images\primary\228422_primary_b4ca81692b4e.png,data-ev\data\images\context\228422_context_b4ca81692b4e.png,
420905,Women of Wisdom - Luxelocker Luxury Storage,WA,OpConnect,data-ev\data\images\primary\420905_primary_fbf1a6014471.png,data-ev\data\images\context\420905_context_fbf1a6014471.png,
293154,SFBENZ SSF MBSF STATION 7,CA,ChargePoint Network,data-ev\data\images\primary\293154_primary_fd8507444c00.png,data-ev\data\images\context\293154_context_fd8507444c00.png,
389028,US Bank Buena Park - La Palma,CA,EVCS,data-ev\data\images\primary\389028_primary_b84bbfbbf13f.png,data-ev\data\images\context\389028_context_b84bbfbbf13f.png,
254403,"Sutherlin, OR - Tesla Supercharger",OR,Tesla,data-ev\data\images\primary\254403_primary_814905d7664f.png,data-ev\data\images\context\254403_context_814905d7664f.png,
260178,CRESTMONT DRIVECRESTMONT2,OH,ChargePoint Network,data-ev\data\images\primary\260178_primary_e3bd83473d9c.png,data-ev\data\images\context\260178_context_e3bd83473d9c.png,
223858,PSTA Office,FL,WAVE,data-ev\data\images\primary\223858_primary_2ac67214bcce.png,data-ev\data\images\context\223858_context_2ac67214bcce.png,
260771,Westcott Buick GMC,NC,EV Connect,data-ev\data\images\primary\260771_primary_550941ce48d6.png,data-ev\data\images\context\260771_context_550941ce48d6.png,
258948,FALCON CUSTOMER CHARGE,SC,ChargePoint Network,data-ev\data\images\primary\258948_primary_83a30adc1cf0.png,data-ev\data\images\context\258948_context_83a30adc1cf0.png,
228127,Yorba Linda Town Center,CA,eVgo Network,data-ev\data\images\primary\228127_primary_dc4123c84bbe.png,data-ev\data\images\context\228127_context_dc4123c84bbe.png,
168281,Mel's Diner - Tesla Supercharger,CA,Tesla,data-ev\data\images\primary\168281_primary_71f42c9eb68a.png,data-ev\data\images\context\168281_context_71f42c9eb68a.png,
400476,NEFC Soccer Training Center,MA,RED_E,data-ev\data\images\primary\400476_primary_01ed91f1993a.png,data-ev\data\images\context\400476_context_01ed91f1993a.png,
156586,Group 101,OK,FCN,data-ev\data\images\primary\156586_primary_2d03002444c3.png,data-ev\data\images\context\156586_context_2d03002444c3.png,
434979,LARRY H. MILLER SUPERFORD 1,UT,ChargePoint Network,data-ev\data\images\primary\434979_primary_ce2a8b001630.png,data-ev\data\images\context\434979_context_ce2a8b001630.png,
206263,Albertville Outlet Mall,MN,ZEFNET,data-ev\data\images\primary\206263_primary_94a7fd67e4ef.png,data-ev\data\images\context\206263_context_94a7fd67e4ef.png,
185235,GEORGIA POWER MINOLA DC,GA,ChargePoint Network,data-ev\data\images\primary\185235_primary_673a305c86de.png,data-ev\data\images\context\185235_context_673a305c86de.png,
449649,2210 W 22nd St,IL,SHELL_RECHARGE,data-ev\data\images\primary\449649_primary_d84e205b4ff3.png,data-ev\data\images\context\449649_context_d84e205b4ff3.png,
428483,Rio Vista Plaza Shopping Center - Brawley,CA,eVgo Network,data-ev\data\images\primary\428483_primary_608ad7b95d56.png,data-ev\data\images\context\428483_context_608ad7b95d56.png,
449185,Target - Tesla Supercharger,MA,Tesla,data-ev\data\images\primary\449185_primary_fa5ab5078b87.png,data-ev\data\images\context\449185_context_fa5ab5078b87.png,
449773,Alabama Power - Atmore Business Office - Ultra,AL,FLO,data-ev\data\images\primary\449773_primary_5c3ec32eb0e7.png,data-ev\data\images\context\449773_context_5c3ec32eb0e7.png,
102165,Hy-Vee - Tesla Supercharger,IL,Tesla,data-ev\data\images\primary\102165_primary_136bc1e29bf2.png,data-ev\data\images\context\102165_context_136bc1e29bf2.png,
376602,Heartland Energy Services,KS,EVGATEWAY,data-ev\data\images\primary\376602_primary_fab749a3642d.png,data-ev\data\images\context\376602_context_fab749a3642d.png,
422596,Southern Illinois Airport,IL,RED_E,data-ev\data\images\primary\422596_primary_b14a5af3dd67.png,data-ev\data\images\context\422596_context_b14a5af3dd67.png,
334257,Tynans Volkswagon,CO,EVGATEWAY,data-ev\data\images\primary\334257_primary_2ff356f4e53f.png,data-ev\data\images\context\334257_context_2ff356f4e53f.png,
420721,Buddy Bear - 243 W. 83rd Street,IL,NOODOE,data-ev\data\images\primary\420721_primary_852ff6bd1d06.png,data-ev\data\images\context\420721_context_852ff6bd1d06.png,
416540,STEW HANSENS POWER LINK 1,IA,ChargePoint Network,data-ev\data\images\primary\416540_primary_c15e1e86da34.png,data-ev\data\images\context\416540_context_c15e1e86da34.png,
328338,Olive Garden - Riverdale Shopping Center,UT,EVPOWER,data-ev\data\images\primary\328338_primary_974a277d5d80.png,data-ev\data\images\context\328338_context_974a277d5d80.png,
335303,Arvin Park & Ride DCFC,CA,AMPUP,data-ev\data\images\primary\335303_primary_0c072ed2e681.png,data-ev\data\images\context\335303_context_0c072ed2e681.png,
321507,COLE CADILLAC,MI,EV Connect,data-ev\data\images\primary\321507_primary_f752b50d7ebe.png,data-ev\data\images\context\321507_context_f752b50d7ebe.png,
321346,VOLVO CAR USA GRAND JUNCT DC4,CO,ChargePoint Network,data-ev\data\images\primary\321346_primary_970209e4cc27.png,data-ev\data\images\context\321346_context_970209e4cc27.png,
357822,San Ramon Sports Facility,CA,EVPASSPORT,data-ev\data\images\primary\357822_primary_aeaef2976494.png,data-ev\data\images\context\357822_context_aeaef2976494.png,
356334,Rove EV Charging Hub,CA,ROVE,data-ev\data\images\primary\356334_primary_b6df7a4bcb75.png,data-ev\data\images\context\356334_context_b6df7a4bcb75.png,
422242,Eastlake Village Center,CA,GO_TO_U,data-ev\data\images\primary\422242_primary_03115be7c22a.png,data-ev\data\images\context\422242_context_03115be7c22a.png,
351598,11 Artisan Dr,NH,EPIC_CHARGING,data-ev\data\images\primary\351598_primary_9e4229f8cb0a.png,data-ev\data\images\context\351598_context_9e4229f8cb0a.png,
187907,"Crossroads Center (Statesville, NC)",NC,Electrify America,data-ev\data\images\primary\187907_primary_fafa8887e3f2.png,data-ev\data\images\context\187907_context_fafa8887e3f2.png,
358418,Ken Stoepel Ford,TX,FORD_CHARGE,data-ev\data\images\primary\358418_primary_4d659e2289cd.png,data-ev\data\images\context\358418_context_4d659e2289cd.png,
228290,Island Pacific Seafood Market,CA,eVgo Network,data-ev\data\images\primary\228290_primary_94733d4ef3f1.png,data-ev\data\images\context\228290_context_94733d4ef3f1.png,
195778,Smithfield's Chicken 'N Bar-B-Q - Tesla Supercharger,NC,Tesla,data-ev\data\images\primary\195778_primary_3a5152252bd0.png,data-ev\data\images\context\195778_context_3a5152252bd0.png,
421061,670 N Beers St - ASG HQ,NJ,EVOKE,data-ev\data\images\primary\421061_primary_7595d9101a88.png,data-ev\data\images\context\421061_context_7595d9101a88.png,
228327,Lenox Square Mall,GA,eVgo Network,data-ev\data\images\primary\228327_primary_b553485773a3.png,data-ev\data\images\context\228327_context_b553485773a3.png,
346595,GEORGIA POWER MCRAE DC1,GA,ChargePoint Network,data-ev\data\images\primary\346595_primary_f94f5d67d7cd.png,data-ev\data\images\context\346595_context_f94f5d67d7cd.png,
307817,Holiday Inn Express Ontario - Tesla Supercharger,OR,Tesla,data-ev\data\images\primary\307817_primary_0e0f6022e7bf.png,data-ev\data\images\context\307817_context_0e0f6022e7bf.png,
391716,L292 EXPP PL 1,PA,ChargePoint Network,data-ev\data\images\primary\391716_primary_8fa0cde6d3e7.png,data-ev\data\images\context\391716_context_8fa0cde6d3e7.png,
122271,High Valley Center - Tesla Supercharger,CO,Tesla,data-ev\data\images\primary\122271_primary_e84eaa8cc33e.png,data-ev\data\images\context\122271_context_e84eaa8cc33e.png,
302974,Cub Foods - Tesla Supercharger,MN,Tesla,data-ev\data\images\primary\302974_primary_1011d153fb7e.png,data-ev\data\images\context\302974_context_1011d153fb7e.png,
448175,Best Western Plus Parkway Hotel,IL,UNIVERSAL,data-ev\data\images\primary\448175_primary_c72934189975.png,data-ev\data\images\context\448175_context_c72934189975.png,
121790,"Casey's Lebanon (Lebanon, MO)",MO,Electrify America,data-ev\data\images\primary\121790_primary_fefa6d3d7e67.png,data-ev\data\images\context\121790_context_fefa6d3d7e67.png,
390426,Chatsworth Ford,GA,FORD_CHARGE,data-ev\data\images\primary\390426_primary_b1c027bfc96b.png,data-ev\data\images\context\390426_context_b1c027bfc96b.png,
445846,"Carlin, NV Rechargery Relay - 10th St",NV,IONNA,data-ev\data\images\primary\445846_primary_05665ccf8c03.png,data-ev\data\images\context\445846_context_05665ccf8c03.png,
311221,Carr Woodall - Tesla Supercharger,UT,Tesla,data-ev\data\images\primary\311221_primary_aacbddce2cf7.png,data-ev\data\images\context\311221_context_aacbddce2cf7.png,
327472,PPAP PPAKIRKWD 9,PA,ChargePoint Network,data-ev\data\images\primary\327472_primary_5ab94e44db43.png,data-ev\data\images\context\327472_context_5ab94e44db43.png,
39873,Carson Nissan,CA,Non-Networked,data-ev\data\images\primary\39873_primary_95b5de2d3b50.png,data-ev\data\images\context\39873_context_95b5de2d3b50.png,
323901,DC VANCOUVER DC3,WA,ChargePoint Network,data-ev\data\images\primary\323901_primary_427f6eb6cf0a.png,data-ev\data\images\context\323901_context_427f6eb6cf0a.png,
391118,"Blowing Rock, NC",NC,RIVIAN_ADVENTURE,data-ev\data\images\primary\391118_primary_01f5cb45bb30.png,data-ev\data\images\context\391118_context_01f5cb45bb30.png,
347386,Waffle House Pensacola,FL,Blink Network,data-ev\data\images\primary\347386_primary_e2d7021d7ffc.png,data-ev\data\images\context\347386_context_e2d7021d7ffc.png,
350867,CITYOFLAFAYETTE DCFAST #1,AL,ChargePoint Network,data-ev\data\images\primary\350867_primary_3a0602f0601c.png,data-ev\data\images\context\350867_context_3a0602f0601c.png,
449029,IN-N-OUT DEXTER 01,CA,ChargePoint Network,data-ev\data\images\primary\449029_primary_18cc79e9a017.png,data-ev\data\images\context\449029_context_18cc79e9a017.png,
357393,"Walmart Supercenter 3708 (Suisun City, CA)",CA,Electrify America,data-ev\data\images\primary\357393_primary_e84a43c24d37.png,data-ev\data\images\context\357393_context_e84a43c24d37.png,
261470,"Scappoose, OR - Tesla Supercharger",OR,Tesla,data-ev\data\images\primary\261470_primary_ced4d5cab84e.png,data-ev\data\images\context\261470_context_ced4d5cab84e.png,
429748,Sioux Falls Kenworth,SD,FLIPTURN,data-ev\data\images\primary\429748_primary_413428f0035b.png,data-ev\data\images\context\429748_context_413428f0035b.png,
422461,KG FORD CHEY POWER LINK 2,WY,ChargePoint Network,data-ev\data\images\primary\422461_primary_333d12a6210b.png,data-ev\data\images\context\422461_context_333d12a6210b.png,
439000,Port Wentworth Elementary,GA,ENVIROSPARK,data-ev\data\images\primary\439000_primary_08612ac10346.png,data-ev\data\images\context\439000_context_08612ac10346.png,
349794,UT Paper Box,UT,POWERPUMP,data-ev\data\images\primary\349794_primary_68626c7960c2.png,data-ev\data\images\context\349794_context_68626c7960c2.png,
391225,"Lee Vining, CA",CA,RIVIAN_ADVENTURE,data-ev\data\images\primary\391225_primary_f40e6d032170.png,data-ev\data\images\context\391225_context_f40e6d032170.png,
383808,COR EV CHARGERS SUNDIAL BR2,CA,ChargePoint Network,data-ev\data\images\primary\383808_primary_ade93f47effb.png,data-ev\data\images\context\383808_context_ade93f47effb.png,
231698,Gloucester Crossing - Tesla Supercharger,MA,Tesla,data-ev\data\images\primary\231698_primary_605303c94ad1.png,data-ev\data\images\context\231698_context_605303c94ad1.png,
405370,Flying J 621,CO,eVgo Network,data-ev\data\images\primary\405370_primary_7a42b0ebea97.png,data-ev\data\images\context\405370_context_7a42b0ebea97.png,
256192,"Bal Harbour Shops (Bal Harbour, FL)",FL,Electrify America,data-ev\data\images\primary\256192_primary_7231a83ff0a0.png,data-ev\data\images\context\256192_context_7231a83ff0a0.png,
322553,CPT_CPT-220715003775,CA,ChargePoint Network,data-ev\data\images\primary\322553_primary_c65150f245ca.png,data-ev\data\images\context\322553_context_c65150f245ca.png,
228697,"Meijer Royal Oak, MI #34",MI,eVgo Network,data-ev\data\images\primary\228697_primary_2e08b272dcf2.png,data-ev\data\images\context\228697_context_2e08b272dcf2.png,
185583,"Safeway 0928 Patterson Blvd (Pleasant Hill, CA)",CA,Electrify America,data-ev\data\images\primary\185583_primary_5103f1cfa2c4.png,data-ev\data\images\context\185583_context_5103f1cfa2c4.png,
102064,Park Place - Tesla Supercharger,CA,Tesla,data-ev\data\images\primary\102064_primary_3666ae8e7ed7.png,data-ev\data\images\context\102064_context_3666ae8e7ed7.png,
259974,7Charge - Dallas 38277,TX,7CHARGE,data-ev\data\images\primary\259974_primary_6c53c61c3fcf.png,data-ev\data\images\context\259974_context_6c53c61c3fcf.png,
445753,College Plaza - Tesla Supercharger,FL,Tesla,data-ev\data\images\primary\445753_primary_45912f78975a.png,data-ev\data\images\context\445753_context_45912f78975a.png,
256430,Voss Village Cadillac,OH,EV Connect,data-ev\data\images\primary\256430_primary_53550a0db836.png,data-ev\data\images\context\256430_context_53550a0db836.png,
355548,Carson Civic Center - Tesla Supercharger,CA,Tesla,data-ev\data\images\primary\355548_primary_9fffa687597d.png,data-ev\data\images\context\355548_context_9fffa687597d.png,
101993,La Encantada - Tesla Supercharger,AZ,Tesla,data-ev\data\images\primary\101993_primary_9b7738bf56ab.png,data-ev\data\images\context\101993_context_9b7738bf56ab.png,
230911,LARICHE CADILLAC,OH,EV Connect,data-ev\data\images\primary\230911_primary_8e51f60a34a7.png,data-ev\data\images\context\230911_context_8e51f60a34a7.png,
167747,GEORGIA POWER ROME DC2,GA,ChargePoint Network,data-ev\data\images\primary\167747_primary_210a9db04131.png,data-ev\data\images\context\167747_context_210a9db04131.png,
260040,HION NETWORK OURAY PL1,CO,ChargePoint Network,data-ev\data\images\primary\260040_primary_f175d78bc310.png,data-ev\data\images\context\260040_context_f175d78bc310.png,
416876,Lafontaine Ford of Lansing,MI,FORD_CHARGE,data-ev\data\images\primary\416876_primary_6f1a1d502429.png,data-ev\data\images\context\416876_context_6f1a1d502429.png,
259985,Alamo Plaza - Tesla Supercharger,CA,Tesla,data-ev\data\images\primary\259985_primary_94204c085c06.png,data-ev\data\images\context\259985_context_94204c085c06.png,
185099,Indianapolis International Airport - Terminal Garage,IN,Non-Networked,data-ev\data\images\primary\185099_primary_dc38b626ec5d.png,data-ev\data\images\context\185099_context_dc38b626ec5d.png,
102415,Chattanooga Airport (CHA) - Tesla Supercharger,TN,Tesla,data-ev\data\images\primary\102415_primary_26bb2ec39a81.png,data-ev\data\images\context\102415_context_26bb2ec39a81.png,
389056,Jaguar Land Rover of Tysons - DCFC,VA,Blink Network,data-ev\data\images\primary\389056_primary_4b66287722d1.png,data-ev\data\images\context\389056_context_4b66287722d1.png,
228406,Courtyard by Marriott – Irvine Spectrum,CA,eVgo Network,data-ev\data\images\primary\228406_primary_9fad8358a599.png,data-ev\data\images\context\228406_context_9fad8358a599.png,
374984,Morehead Plaza Shopping Center - Tesla Supercharger,NC,Tesla,data-ev\data\images\primary\374984_primary_83322c85e6de.png,data-ev\data\images\context\374984_context_83322c85e6de.png,
404645,IN-N-OUT LUGONIA 01,CA,ChargePoint Network,data-ev\data\images\primary\404645_primary_f8456d6341d9.png,data-ev\data\images\context\404645_context_f8456d6341d9.png,
391170,"Cookeville, TN",TN,RIVIAN_ADVENTURE,data-ev\data\images\primary\391170_primary_ae87dd416ff8.png,data-ev\data\images\context\391170_context_ae87dd416ff8.png,
296758,Autel - Atlanta Motorsports Park,GA,AUTEL,data-ev\data\images\primary\296758_primary_3925bf683ccb.png,data-ev\data\images\context\296758_context_3925bf683ccb.png,
446489,Village of Bensenville - Village Hall,IL,EVXY,data-ev\data\images\primary\446489_primary_f3f6fde3047e.png,data-ev\data\images\context\446489_context_f3f6fde3047e.png,
449019,CHTOYOTA PL5 CL5,TN,ChargePoint Network,data-ev\data\images\primary\449019_primary_2c7a827d291b.png,data-ev\data\images\context\449019_context_2c7a827d291b.png,
372488,Copeland Chevrolet,MA,Non-Networked,data-ev\data\images\primary\372488_primary_f071db15a3ab.png,data-ev\data\images\context\372488_context_f071db15a3ab.png,
39989,AutoNation Nissan - Thornton Road,GA,IN_CHARGE,data-ev\data\images\primary\39989_primary_73ab9d62895c.png,data-ev\data\images\context\39989_context_73ab9d62895c.png,
455783,Carbon,TX,RACETRAC,data-ev\data\images\primary\455783_primary_4060bc91ae08.png,data-ev\data\images\context\455783_context_4060bc91ae08.png,
421304,Target - Tesla Supercharger,WA,Tesla,data-ev\data\images\primary\421304_primary_c920ea4e0aa7.png,data-ev\data\images\context\421304_context_c920ea4e0aa7.png,
153166,"Walmart 2648 (San Leandro, CA)",CA,Electrify America,data-ev\data\images\primary\153166_primary_a0aa7a5d61a9.png,data-ev\data\images\context\153166_context_a0aa7a5d61a9.png,
302499,TXB MARKET BEE CAVE 01,TX,ChargePoint Network,data-ev\data\images\primary\302499_primary_bf03a107fa75.png,data-ev\data\images\context\302499_context_bf03a107fa75.png,
183748,"Upland Town Center (Upland, CA)",CA,Electrify America,data-ev\data\images\primary\183748_primary_d9b43cc1aff9.png,data-ev\data\images\context\183748_context_d9b43cc1aff9.png,
213986,EVolve NY Victor,NY,Electrify America,data-ev\data\images\primary\213986_primary_df974815b041.png,data-ev\data\images\context\213986_context_df974815b041.png,
448537,3757 Midway Dr,CA,eVgo Network,data-ev\data\images\primary\448537_primary_18cc6e769754.png,data-ev\data\images\context\448537_context_18cc6e769754.png,
395880,Wawa - Tesla Supercharger,PA,Tesla,data-ev\data\images\primary\395880_primary_f3d9d3ce9b63.png,data-ev\data\images\context\395880_context_f3d9d3ce9b63.png,
218944,MIDTOWN LA MIDTOWN DC,CA,ChargePoint Network,data-ev\data\images\primary\218944_primary_ece4d650f490.png,data-ev\data\images\context\218944_context_ece4d650f490.png,
398478,Break Time - Tesla Supercharger,MO,Tesla,data-ev\data\images\primary\398478_primary_2288f4e86477.png,data-ev\data\images\context\398478_context_2288f4e86477.png,
260718,MOFFAT COUNTY DINOSAUR PL1,CO,ChargePoint Network,data-ev\data\images\primary\260718_primary_aeceb5470dba.png,data-ev\data\images\context\260718_context_aeceb5470dba.png,
194976,UCSD CP-ATHENA DC1-5,CA,ChargePoint Network,data-ev\data\images\primary\194976_primary_91ebe5637af1.png,data-ev\data\images\context\194976_context_91ebe5637af1.png,
332098,"Burlington, NC - Garden Road - Tesla Supercharger",NC,Tesla,data-ev\data\images\primary\332098_primary_18be9f9ee282.png,data-ev\data\images\context\332098_context_18be9f9ee282.png,
451709,Athletica Fitness,FL,FPLEV,data-ev\data\images\primary\451709_primary_6dd106726c28.png,data-ev\data\images\context\451709_context_6dd106726c28.png,
357850,LIBERTY EMPIRE BOLIVAR SVC ABB,MO,ChargePoint Network,data-ev\data\images\primary\357850_primary_cdb453fab6df.png,data-ev\data\images\context\357850_context_cdb453fab6df.png,
121840,"Walmart 285 (Huntsville, TX)",TX,Electrify America,data-ev\data\images\primary\121840_primary_1949aff73913.png,data-ev\data\images\context\121840_context_1949aff73913.png,
102457,City of Blanding Visitor Center - Tesla Supercharger,UT,Tesla,data-ev\data\images\primary\102457_primary_bb612b2cd280.png,data-ev\data\images\context\102457_context_bb612b2cd280.png,
422109,Richardson Ford,MI,FORD_CHARGE,data-ev\data\images\primary\422109_primary_dbec17f3ef43.png,data-ev\data\images\context\422109_context_dbec17f3ef43.png,
186951,DENBIGH FF1,VA,ChargePoint Network,data-ev\data\images\primary\186951_primary_ea3055827658.png,data-ev\data\images\context\186951_context_ea3055827658.png,
302202,TA Express Fairfield - Tesla Supercharger,TX,Tesla,data-ev\data\images\primary\302202_primary_4f383e1a4e40.png,data-ev\data\images\context\302202_context_4f383e1a4e40.png,
253770,Cayce Crossing - Tesla Supercharger,SC,Tesla,data-ev\data\images\primary\253770_primary_cdff34109bc8.png,data-ev\data\images\context\253770_context_cdff34109bc8.png,
357478,NMDOT NMDOT3 EV#1,NM,ChargePoint Network,data-ev\data\images\primary\357478_primary_83fa9d938184.png,data-ev\data\images\context\357478_context_83fa9d938184.png,
390931,PEC SOLAR PEC SOLAR,NH,ChargePoint Network,data-ev\data\images\primary\390931_primary_a8382b49f385.png,data-ev\data\images\context\390931_context_a8382b49f385.png,
222797,Destiny Mall - Tesla Supercharger,NY,Tesla,data-ev\data\images\primary\222797_primary_a4bd189cf418.png,data-ev\data\images\context\222797_context_a4bd189cf418.png,
163651,EVsmart - BGE - HCLS Glenwood,MD,SWTCH,data-ev\data\images\primary\163651_primary_b5c83ea7e2f0.png,data-ev\data\images\context\163651_context_b5c83ea7e2f0.png,
357254,Haggerty Chevrolet,IL,Blink Network,data-ev\data\images\primary\357254_primary_5e6a44cf374c.png,data-ev\data\images\context\357254_context_5e6a44cf374c.png,
185576,PLAINFIELD MB MARKET #320A,MI,ChargePoint Network,data-ev\data\images\primary\185576_primary_e50a2c20f756.png,data-ev\data\images\context\185576_context_e50a2c20f756.png,
398340,Electric Era Charging Station,FL,ELECTRIC_ERA,data-ev\data\images\primary\398340_primary_174aa1db4e45.png,data-ev\data\images\context\398340_context_174aa1db4e45.png,
201311,The Village at Tustin Legacy - Tesla Supercharger,CA,Tesla,data-ev\data\images\primary\201311_primary_2929b05b6aba.png,data-ev\data\images\context\201311_context_2929b05b6aba.png,
450434,Walmart EV Charging,GA,WALMART,data-ev\data\images\primary\450434_primary_1223fb4d2211.png,data-ev\data\images\context\450434_context_1223fb4d2211.png,
452492,23001 Katy Fwy,TX,SYNERGEV,data-ev\data\images\primary\452492_primary_697c6d267997.png,data-ev\data\images\context\452492_context_697c6d267997.png,
455098,River Rock Casino,CA,INTERTIE,data-ev\data\images\primary\455098_primary_868a70c30a7b.png,data-ev\data\images\context\455098_context_868a70c30a7b.png,
448244,BROWNHONDA STATION 1,OH,ChargePoint Network,data-ev\data\images\primary\448244_primary_23f4f2faba95.png,data-ev\data\images\context\448244_context_23f4f2faba95.png,
156442,Robinson Crossing,OK,FCN,data-ev\data\images\primary\156442_primary_e80465d2b63b.png,data-ev\data\images\context\156442_context_e80465d2b63b.png,
451116,Randolph NEVI Charging Center,VT,RED_E,data-ev\data\images\primary\451116_primary_cb602f2810f5.png,data-ev\data\images\context\451116_context_cb602f2810f5.png,
102098,The Plaza at Buckland Hills - Tesla Supercharger,CT,Tesla,data-ev\data\images\primary\102098_primary_c9095c2f8d0a.png,data-ev\data\images\context\102098_context_c9095c2f8d0a.png,
356177,Seneca Travel Plaza,NY,APPLEGREEN,data-ev\data\images\primary\356177_primary_33ae3a6afdbd.png,data-ev\data\images\context\356177_context_33ae3a6afdbd.png,
260875,Chestnut Arbor,NC,EV Connect,data-ev\data\images\primary\260875_primary_931d6f60fc00.png,data-ev\data\images\context\260875_context_931d6f60fc00.png,
421226,CITY OF ANAHEIM DCFC 1,CA,ChargePoint Network,data-ev\data\images\primary\421226_primary_e1d3395362b6.png,data-ev\data\images\context\421226_context_e1d3395362b6.png,
147079,"Target T1431 (Falls Church, VA)",VA,Electrify America,data-ev\data\images\primary\147079_primary_029799326f0d.png,data-ev\data\images\context\147079_context_029799326f0d.png,
333264,City National Plaza,CA,ABM,data-ev\data\images\primary\333264_primary_d04776bd191b.png,data-ev\data\images\context\333264_context_d04776bd191b.png,
355554,North Bend Premium Outlets - Tesla Supercharger,WA,Tesla,data-ev\data\images\primary\355554_primary_3fe827a21ff7.png,data-ev\data\images\context\355554_context_3fe827a21ff7.png,
314196,88 Montgomery St Parking Lot,NC,EV Connect,data-ev\data\images\primary\314196_primary_22a68cef3fd6.png,data-ev\data\images\context\314196_context_22a68cef3fd6.png,
397477,COCHISE COUNTY SIERRA VISTA L3,AZ,ChargePoint Network,data-ev\data\images\primary\397477_primary_415c35ef3a51.png,data-ev\data\images\context\397477_context_415c35ef3a51.png,
448466,"McHenry, IL Rechargery Relay @ Casey's - N Richmond Rd",IL,IONNA,data-ev\data\images\primary\448466_primary_99c0a5f74f55.png,data-ev\data\images\context\448466_context_99c0a5f74f55.png,
307578,BEA STATION 3 (RM),TN,ChargePoint Network,data-ev\data\images\primary\307578_primary_5f02bcb48f79.png,data-ev\data\images\context\307578_context_5f02bcb48f79.png,
430835,Cafe India - Tesla Supercharger,CO,Tesla,data-ev\data\images\primary\430835_primary_a7d6c2a51fcc.png,data-ev\data\images\context\430835_context_a7d6c2a51fcc.png,
387059,COLONIALHYUNDAI CPE250 FRONT,PA,ChargePoint Network,data-ev\data\images\primary\387059_primary_9742ede254d9.png,data-ev\data\images\context\387059_context_9742ede254d9.png,
228527,Cape Cod Mall,MA,eVgo Network,data-ev\data\images\primary\228527_primary_9bb8687a46ec.png,data-ev\data\images\context\228527_context_9bb8687a46ec.png,
354812,Rick Hendrick Chevrolet Naples,FL,Blink Network,data-ev\data\images\primary\354812_primary_a834d6e38df8.png,data-ev\data\images\context\354812_context_a834d6e38df8.png,
74345,Conservatory and Botanic Gardens,MD,Non-Networked,data-ev\data\images\primary\74345_primary_b668215a27d5.png,data-ev\data\images\context\74345_context_b668215a27d5.png,
450498,Quirk Jeep,ME,STAY_N_CHARGE,data-ev\data\images\primary\450498_primary_8d0f7067d750.png,data-ev\data\images\context\450498_context_8d0f7067d750.png,
347220,WattEV - Gardena,CA,WATT_EV,data-ev\data\images\primary\347220_primary_63c039895b55.png,data-ev\data\images\context\347220_context_63c039895b55.png,
326924,Shell Gas Station-King Fuels,TX,EVBOLT,data-ev\data\images\primary\326924_primary_c87c352f6a9a.png,data-ev\data\images\context\326924_context_c87c352f6a9a.png,
351466,PMLP RAILROAD 1,MA,ChargePoint Network,data-ev\data\images\primary\351466_primary_2a6361c37e7e.png,data-ev\data\images\context\351466_context_2a6361c37e7e.png,
331173,FPU STATION 2 (R),TN,ChargePoint Network,data-ev\data\images\primary\331173_primary_98164a10023e.png,data-ev\data\images\context\331173_context_98164a10023e.png,
279377,"Auxxi Horizon Commons (Rocky Hill, CT)",CT,Electrify America,data-ev\data\images\primary\279377_primary_5695b15eae0b.png,data-ev\data\images\context\279377_context_5695b15eae0b.png,
168129,CHEVRON JQ JENSEN DC 2,CA,ChargePoint Network,data-ev\data\images\primary\168129_primary_c3e1fd078f02.png,data-ev\data\images\context\168129_context_c3e1fd078f02.png,
347406,DU ELECTRIC DOC 4,AL,ChargePoint Network,data-ev\data\images\primary\347406_primary_fcab6ac5fd07.png,data-ev\data\images\context\347406_context_fcab6ac5fd07.png,
252639,Ourisman Chevrolet Buick GMC of Alexandria,VA,Blink Network,data-ev\data\images\primary\252639_primary_26ff596168a4.png,data-ev\data\images\context\252639_context_26ff596168a4.png,
387891,Baumann Ford Oregon - DCFC,OH,Blink Network,data-ev\data\images\primary\387891_primary_1fddf80c2802.png,data-ev\data\images\context\387891_context_1fddf80c2802.png,
449015,CHTOYOTA PL1 CL1,TN,ChargePoint Network,data-ev\data\images\primary\449015_primary_00d13ec1112c.png,data-ev\data\images\context\449015_context_00d13ec1112c.png,
355280,HTOYOTA TOYOTA F RIGHT,CT,ChargePoint Network,data-ev\data\images\primary\355280_primary_c8b195bc4be9.png,data-ev\data\images\context\355280_context_c8b195bc4be9.png,
190433,"Westfield Century City (Los Angeles, CA)",CA,Electrify America,data-ev\data\images\primary\190433_primary_3931b7480cee.png,data-ev\data\images\context\190433_context_3931b7480cee.png,
167380,1419 1st Ave N,IA,CHARGELAB,data-ev\data\images\primary\167380_primary_3d439d1a1f42.png,data-ev\data\images\context\167380_context_3d439d1a1f42.png,
418068,Kwik Trip #762,WI,KWIK_CHARGE,data-ev\data\images\primary\418068_primary_2f85553325a8.png,data-ev\data\images\context\418068_context_2f85553325a8.png,
351651,"T & C FORD, LLC EXPP-CL1-PL1",AL,ChargePoint Network,data-ev\data\images\primary\351651_primary_dac5f8ed6804.png,data-ev\data\images\context\351651_context_dac5f8ed6804.png,
227940,Lucky,CA,eVgo Network,data-ev\data\images\primary\227940_primary_9958d9bed3f1.png,data-ev\data\images\context\227940_context_9958d9bed3f1.png,
387120,"RMP Ivie Creek (Salina, UT)",UT,Electrify America,data-ev\data\images\primary\387120_primary_841bed16733f.png,data-ev\data\images\context\387120_context_841bed16733f.png,
449115,606 N Federal Hwy,FL,US_SUPERCHARGE,data-ev\data\images\primary\449115_primary_5dc26f75d3c1.png,data-ev\data\images\context\449115_context_5dc26f75d3c1.png,
187166,Celebration Center - Tesla Supercharger,WA,Tesla,data-ev\data\images\primary\187166_primary_0a56182ac610.png,data-ev\data\images\context\187166_context_0a56182ac610.png,
